"","wage","hours","IQ","KWW","educ","exper","tenure","age","married","black","south","urban","sibs","brthord","meduc","feduc","lwage"
"1",769,40,93,35,12,11,2,31,1,0,0,1,1,2,8,8,6.64509105682373
"3",825,40,108,46,14,11,9,33,1,0,0,1,1,2,14,14,6.71538352966309
"4",650,40,96,32,12,13,7,32,1,0,0,1,4,3,12,12,6.47697257995605
"5",562,40,74,27,11,14,5,34,1,0,0,1,10,6,6,11,6.33150196075439
"7",600,40,91,24,10,13,0,30,0,0,0,1,1,2,8,8,6.39692974090576
"9",1154,45,111,37,15,13,1,36,1,0,0,0,2,3,14,5,7.05098962783813
"10",1000,40,95,44,12,16,16,36,1,0,0,1,1,1,12,11,6.90775537490845
"11",930,43,132,44,18,8,13,38,1,0,0,0,1,1,13,14,6.8351845741272
"14",1318,38,119,24,16,7,2,28,1,0,0,1,3,1,10,10,7.18387079238892
"15",1792,40,118,47,16,9,9,34,1,0,0,1,1,1,12,12,7.49108743667603
"16",958,50,105,37,10,17,2,35,1,0,0,1,1,2,6,8,6.8648476600647
"17",1360,45,109,39,15,6,9,36,1,0,0,1,3,3,12,10,7.21524000167847
"18",850,40,72,36,11,19,10,38,1,0,0,1,2,3,10,8,6.74523639678955
"22",1615,50,113,49,16,10,4,36,1,0,0,1,2,1,12,12,7.38709020614624
"23",873,65,95,36,12,14,3,38,1,0,0,1,5,1,10,10,6.77193546295166
"24",2137,45,145,50,16,17,8,38,1,0,0,1,2,1,12,12,7.66715812683105
"25",1053,38,114,35,16,12,7,32,1,0,0,1,0,1,11,11,6.95939874649048
"26",1602,60,124,32,16,8,9,29,1,0,0,1,3,1,16,16,7.37900829315186
"27",1188,40,93,40,13,16,5,35,1,0,0,1,2,1,12,8,7.08002662658691
"28",800,40,115,39,18,11,1,35,1,0,1,1,0,1,8,8,6.68461179733276
"29",1417,48,125,41,17,9,4,34,1,0,0,1,3,1,13,12,7.25629711151123
"30",635,40,128,35,18,8,13,36,0,0,0,1,2,1,16,16,6.45362520217896
"32",1424,50,98,41,14,15,4,35,1,0,0,1,1,1,12,12,7.26122522354126
"33",2668,75,108,41,13,12,2,32,1,0,1,1,1,2,12,12,7.88908433914185
"34",666,75,129,40,18,8,12,38,1,0,0,0,2,1,18,18,6.50128984451294
"35",1779,40,132,42,17,8,9,32,1,0,0,1,1,1,17,14,7.48380661010742
"38",1274,40,106,35,13,11,12,31,1,0,0,1,0,1,15,12,7.14991664886475
"39",714,35,105,37,16,9,2,29,1,0,0,1,1,2,13,12,6.57088279724121
"40",1081,40,123,46,18,11,7,36,1,0,0,0,1,1,12,12,6.98564195632935
"41",692,40,108,48,12,21,11,38,1,0,0,1,3,1,8,7,6.53958606719971
"44",1027,27,100,40,13,12,15,38,1,0,0,1,3,3,10,9,6.93439722061157
"45",1748,55,125,50,18,12,12,34,1,0,0,1,1,2,14,15,7.46622753143311
"47",770,40,105,34,17,7,11,30,1,0,0,1,3,1,12,12,6.64639043807983
"50",808,60,109,47,13,14,12,38,1,0,0,1,2,2,12,10,6.69456195831299
"51",1100,40,105,45,12,22,14,38,1,0,0,1,1,1,12,12,7.00306558609009
"52",1154,40,134,46,18,10,10,37,1,0,1,1,2,1,12,12,7.05098962783813
"53",1749,40,108,32,12,13,9,29,0,0,0,1,7,1,12,9,7.46679925918579
"54",1000,50,104,36,16,11,8,30,1,0,0,1,1,1,12,11,6.90775537490845
"56",769,55,120,49,18,8,12,32,0,0,0,1,1,1,11,8,6.64509105682373
"57",875,50,124,40,16,9,3,31,0,0,0,0,2,2,17,16,6.77422380447388
"58",1375,40,103,34,12,12,7,29,1,0,0,1,4,2,12,10,7.22620916366577
"59",1452,45,115,45,17,1,7,30,1,0,0,1,3,1,12,14,7.28069734573364
"60",800,40,96,33,12,17,12,35,1,0,0,1,1,2,6,8,6.68461179733276
"61",1748,55,123,48,17,10,7,36,1,0,0,1,1,1,12,12,7.46622753143311
"62",1151,40,98,34,12,12,12,29,1,0,0,1,3,4,12,8,7.0483865737915
"63",840,50,96,34,12,18,13,35,1,0,0,1,2,1,12,8,6.73340177536011
"67",442,60,82,32,12,12,0,33,1,0,0,1,2,3,12,9,6.09131002426147
"70",1643,48,117,48,18,8,2,33,1,0,0,1,2,2,12,18,7.40427923202515
"71",1455,40,109,44,16,8,13,36,1,0,0,1,1,2,8,8,7.28276109695435
"73",1682,45,126,40,16,10,11,31,1,0,0,1,1,1,12,16,7.42773866653442
"74",1235,40,82,45,12,10,2,33,1,0,0,1,1,1,11,11,7.11882638931274
"75",855,45,119,45,16,11,4,32,1,0,0,1,3,1,12,9,6.75110149383545
"76",1072,42,104,37,16,6,8,35,1,0,0,1,2,2,12,6,6.97728157043457
"78",1000,50,97,45,12,17,15,36,1,0,0,1,1,2,12,12,6.90775537490845
"80",1100,37,100,32,12,14,1,30,1,0,0,1,1,2,7,7,7.00306558609009
"81",996,50,114,41,12,5,14,31,1,0,0,1,2,1,12,10,6.90374708175659
"83",1200,40,96,48,11,15,3,37,1,0,0,1,4,3,8,8,7.09007692337036
"84",1694,30,113,30,15,9,8,29,0,0,0,1,3,1,12,16,7.43484783172607
"85",686,55,106,38,10,15,3,36,1,0,1,1,4,5,14,10,6.53087759017944
"88",832,50,104,30,13,4,2,30,1,0,0,1,1,2,12,8,6.72383260726929
"89",579,44,122,36,13,8,1,30,1,0,0,0,4,1,16,16,6.36130237579346
"91",2500,40,95,51,15,12,9,36,1,0,0,1,3,1,16,16,7.82404613494873
"92",1076,45,105,24,12,5,8,31,0,0,0,1,1,1,16,17,6.98100566864014
"93",750,40,94,18,12,16,3,37,1,1,0,1,7,3,8,8,6.62007331848145
"94",1186,30,91,41,17,8,9,33,1,0,0,1,1,1,12,14,7.07834148406982
"95",833,48,96,37,16,9,7,31,1,0,0,1,4,4,12,14,6.7250337600708
"96",650,40,69,37,12,14,11,30,1,1,0,1,3,4,10,9,6.47697257995605
"98",1122,48,111,44,15,12,9,31,1,0,0,1,3,1,9,12,7.02286815643311
"99",865,40,110,35,16,1,11,31,1,0,0,1,3,1,9,12,6.76272964477539
"100",808,40,97,37,16,10,7,29,1,0,0,1,3,3,9,12,6.69456195831299
"101",1299,60,125,44,18,6,12,35,0,0,0,1,1,2,8,8,7.16935014724731
"102",903,40,91,39,12,6,12,36,1,0,0,1,5,4,9,10,6.80572271347046
"103",900,40,86,28,12,17,15,37,1,0,0,1,5,3,8,10,6.80239486694336
"104",625,40,110,32,12,18,0,35,1,0,0,1,4,1,9,8,6.43775177001953
"106",962,40,85,41,10,15,16,38,1,0,0,1,1,2,9,12,6.86901426315308
"107",1539,45,120,36,17,7,8,34,1,0,0,1,1,1,8,8,7.33888816833496
"108",1110,52,106,42,12,11,6,33,1,0,0,0,5,2,12,12,7.01211547851562
"109",1282,45,112,41,16,6,6,31,0,0,1,1,2,2,12,12,7.15617656707764
"110",770,48,91,39,12,13,2,38,1,0,0,1,1,2,10,8,6.64639043807983
"111",1000,45,90,42,12,16,0,38,1,0,0,1,6,3,10,12,6.90775537490845
"115",654,50,111,51,13,5,16,38,1,0,0,1,3,3,12,9,6.4831075668335
"116",601,48,111,30,12,15,3,33,1,0,0,1,0,1,12,12,6.39859485626221
"118",433,40,98,28,12,11,10,30,0,0,0,1,1,1,12,11,6.07073783874512
"119",1188,40,105,28,12,11,7,30,1,0,0,1,3,1,12,10,7.08002662658691
"121",1225,40,118,44,13,9,14,32,1,0,0,1,0,1,12,9,7.11069631576538
"122",1151,45,90,38,12,19,19,36,1,0,0,1,1,1,12,8,7.0483865737915
"123",865,40,95,34,12,15,11,32,0,0,0,1,3,1,9,8,6.76272964477539
"124",1031,40,112,24,14,9,5,29,1,0,0,1,4,2,12,12,6.93828439712524
"125",1049,55,120,39,12,9,11,32,1,0,0,1,3,2,12,10,6.9555926322937
"126",1000,45,123,41,12,12,1,29,1,0,0,1,3,3,12,10,6.90775537490845
"127",1105,40,103,32,13,10,11,30,1,0,0,1,1,1,16,15,7.00760078430176
"128",1924,50,121,40,18,11,7,35,1,0,0,1,3,1,16,18,7.56216144561768
"129",1346,40,90,44,16,9,16,38,1,0,0,1,1,1,12,12,7.20489263534546
"130",809,65,125,32,12,11,10,29,1,0,0,1,0,1,12,12,6.69579887390137
"131",1495,45,109,34,18,10,3,32,1,0,0,1,3,1,9,8,7.30988168716431
"132",1346,50,128,46,16,10,1,33,0,0,0,0,3,1,10,9,7.20489263534546
"133",1200,40,97,35,12,10,4,31,1,0,0,1,3,1,12,12,7.09007692337036
"134",500,40,96,35,12,6,0,33,1,0,1,1,4,4,12,12,6.21460819244385
"135",1325,45,97,44,12,12,5,28,1,0,0,1,1,2,12,8,7.18916797637939
"136",900,40,78,21,12,16,5,33,1,1,0,1,4,1,7,6,6.80239486694336
"138",800,40,88,32,12,16,7,38,1,0,0,1,3,2,2,5,6.68461179733276
"139",1034,40,97,39,12,15,16,36,1,0,0,1,14,10,14,11,6.94119024276733
"141",884,40,106,42,10,19,12,34,1,0,0,1,2,1,7,10,6.78445720672607
"142",480,40,59,28,10,11,5,34,0,0,0,1,0,1,8,6,6.17378616333008
"143",923,40,105,54,18,7,14,34,1,0,0,1,1,1,12,12,6.82762908935547
"144",513,45,119,30,17,8,5,31,0,0,0,1,1,1,12,8,6.24027585983276
"145",1105,40,93,36,11,17,16,37,0,0,0,1,2,2,8,8,7.00760078430176
"147",2771,50,134,45,18,6,7,34,1,0,0,1,4,3,16,16,7.92696332931519
"148",779,40,84,29,12,9,6,30,1,0,0,1,0,1,8,12,6.65801095962524
"149",950,60,98,36,11,13,6,31,1,0,0,1,2,1,12,12,6.85646200180054
"150",1394,40,118,41,16,11,8,30,1,0,0,0,2,1,13,12,7.23993253707886
"151",1495,45,113,50,17,13,9,33,1,0,0,1,3,3,12,8,7.30988168716431
"152",650,40,100,18,12,4,3,28,1,0,0,1,6,2,9,11,6.47697257995605
"154",1126,40,119,30,16,5,8,32,1,0,0,1,1,1,12,10,7.02642679214478
"155",450,64,67,19,12,11,1,33,0,1,0,1,6,1,11,4,6.10924768447876
"157",2404,50,106,38,15,8,0,32,1,0,0,1,2,1,12,12,7.78488922119141
"159",757,40,113,35,16,10,9,33,1,0,0,1,2,1,12,12,6.62936305999756
"160",1250,40,115,36,14,9,1,29,1,0,0,1,2,2,12,12,7.13089895248413
"162",1025,40,85,29,15,9,13,29,1,1,0,1,6,1,14,12,6.93244791030884
"163",1100,50,117,51,16,11,12,32,1,0,0,0,0,1,12,10,7.00306558609009
"164",714,35,125,34,16,7,5,28,1,0,0,1,4,1,10,10,6.57088279724121
"165",1318,35,118,47,16,16,17,37,1,0,0,0,1,1,8,12,7.18387079238892
"166",1411,45,121,40,18,14,3,38,1,0,0,1,3,2,12,16,7.25205373764038
"167",2162,40,115,51,17,4,4,38,1,0,0,1,1,1,12,12,7.67878913879395
"169",1140,48,109,43,12,16,15,35,1,0,0,1,2,2,11,6,7.03878355026245
"173",750,40,106,32,14,9,9,29,1,0,0,1,1,2,11,10,6.62007331848145
"174",1000,60,101,30,12,11,6,30,1,0,0,1,3,1,10,10,6.90775537490845
"175",951,60,116,40,12,9,7,30,1,0,0,1,4,5,12,9,6.85751390457153
"176",635,47,91,24,12,13,2,31,1,0,0,1,2,2,7,7,6.45362520217896
"177",1250,40,91,28,12,13,1,34,1,0,0,1,3,1,11,5,7.13089895248413
"181",590,40,109,27,13,10,7,29,1,0,0,0,2,2,12,12,6.38012266159058
"182",923,50,122,38,16,10,10,31,1,0,0,0,1,2,8,8,6.82762908935547
"183",1250,50,102,26,12,6,2,32,0,0,0,1,4,2,11,8,7.13089895248413
"184",1100,40,122,38,14,11,8,33,1,0,0,1,2,3,8,10,7.00306558609009
"185",1130,50,105,38,12,18,2,37,1,0,0,1,4,2,10,10,7.02997303009033
"186",652,50,113,37,12,14,4,36,0,0,0,1,1,2,9,9,6.4800443649292
"187",618,42,104,34,12,6,2,30,1,0,0,1,3,2,8,12,6.42648839950562
"188",962,50,124,43,16,7,14,34,1,0,0,1,2,2,9,11,6.86901426315308
"189",529,40,110,31,13,14,11,32,1,0,0,0,1,1,12,8,6.27098846435547
"190",817,40,95,37,12,16,14,33,1,0,0,0,2,1,12,12,6.70563888549805
"192",840,40,105,39,12,19,15,38,1,0,0,0,3,1,12,8,6.73340177536011
"194",2404,50,96,42,14,1,1,36,1,0,0,1,5,5,8,10,7.78488922119141
"195",1126,40,110,26,12,16,2,32,1,0,0,1,6,1,9,12,7.02642679214478
"196",1160,40,92,32,12,8,8,31,1,0,0,0,4,1,12,11,7.05617523193359
"198",1778,40,109,43,16,14,13,36,1,0,0,1,0,1,11,12,7.4832444190979
"199",1903,48,118,44,18,13,5,36,1,0,0,0,0,1,11,11,7.55118703842163
"201",971,40,95,42,17,5,11,37,1,0,0,1,1,2,16,8,6.87832641601562
"202",525,40,99,40,12,9,2,34,1,0,0,1,2,1,10,8,6.26339817047119
"203",525,40,106,31,12,12,13,30,1,0,0,0,1,1,10,12,6.26339817047119
"205",500,45,90,47,12,19,4,37,1,0,0,0,0,1,12,6,6.21460819244385
"207",550,46,95,44,12,18,15,35,1,0,0,1,1,1,12,11,6.30991840362549
"208",500,45,115,43,12,14,1,32,1,0,0,1,1,2,12,11,6.21460819244385
"210",865,40,114,26,12,6,8,30,1,0,0,0,2,3,8,8,6.76272964477539
"211",1081,40,92,34,13,8,2,30,1,0,1,1,3,4,12,10,6.98564195632935
"212",1304,45,119,36,17,9,9,31,1,0,0,0,1,1,13,12,7.1731915473938
"213",575,40,85,32,13,6,1,30,1,0,0,0,1,2,13,12,6.3543701171875
"214",623,45,98,34,16,7,1,30,1,0,0,0,3,1,12,12,6.43454647064209
"215",515,45,114,30,13,8,10,28,1,0,0,0,3,2,12,12,6.2441668510437
"216",1273,55,84,42,18,14,4,37,1,0,0,1,1,1,8,12,7.14913177490234
"217",990,40,108,42,13,13,9,33,1,0,0,0,4,1,16,16,6.897705078125
"218",600,40,107,32,12,16,6,33,1,0,0,0,5,6,8,4,6.39692974090576
"219",1160,40,84,35,12,17,2,38,1,0,0,0,4,2,16,12,7.05617523193359
"220",500,55,86,22,12,11,9,29,1,0,0,0,5,5,10,12,6.21460819244385
"221",795,45,88,27,12,17,18,35,1,0,0,0,2,2,10,12,6.67834234237671
"224",1250,40,117,45,16,10,7,33,1,0,0,1,1,1,12,14,7.13089895248413
"225",1014,55,110,42,16,13,9,30,0,0,0,1,1,2,12,14,6.92165803909302
"231",1250,40,117,31,14,7,1,28,1,0,0,1,1,2,12,12,7.13089895248413
"233",1452,35,69,33,16,12,15,38,1,1,0,1,7,6,10,10,7.28069734573364
"234",1391,50,109,38,12,14,8,32,1,1,1,1,1,2,11,9,7.2377781867981
"235",821,45,85,39,16,8,2,32,1,0,0,1,5,6,8,8,6.71052312850952
"236",794,40,114,36,16,9,7,29,1,0,0,1,1,2,11,9,6.67708349227905
"238",520,50,107,30,18,6,3,29,1,0,0,0,10,1,12,14,6.25382900238037
"239",1730,50,117,41,18,12,12,37,1,0,0,1,1,2,12,8,7.45587682723999
"240",1924,50,112,47,18,9,10,38,1,0,0,1,6,1,16,18,7.56216144561768
"241",1155,60,106,46,18,10,2,37,1,0,0,1,3,3,14,18,7.05185556411743
"242",2162,40,116,38,15,9,4,31,1,0,0,1,2,1,12,17,7.67878913879395
"246",1500,40,103,29,12,10,11,34,1,0,0,1,2,3,12,7,7.31322050094604
"247",826,40,114,40,14,20,3,37,1,0,0,1,4,4,8,6,6.71659469604492
"248",937,40,102,36,12,16,8,35,1,0,0,1,3,2,12,6,6.8426833152771
"250",1031,40,112,43,14,14,12,33,0,0,0,1,6,6,14,12,6.93828439712524
"251",1272,40,107,39,12,10,1,30,1,0,0,1,4,3,12,12,7.14834594726562
"252",1136,50,117,36,14,16,12,34,1,0,1,1,2,3,12,12,7.03526878356934
"254",1339,38,96,42,12,8,9,33,1,0,0,1,0,1,12,11,7.19967842102051
"255",1063,40,90,38,12,14,12,32,1,1,0,1,2,2,8,12,6.96885061264038
"256",935,44,97,27,12,10,6,29,1,0,0,1,2,2,8,7,6.84054660797119
"257",808,40,99,40,12,18,13,38,1,1,0,1,0,1,9,8,6.69456195831299
"258",375,40,99,29,10,12,2,30,1,0,1,0,3,2,8,5,5.92692613601685
"262",1155,40,109,49,17,13,4,38,1,0,0,0,3,3,12,8,7.05185556411743
"264",622,45,119,48,16,12,1,33,1,0,0,1,0,1,12,12,6.4329400062561
"265",841,40,102,38,16,10,1,29,1,0,0,1,3,1,12,12,6.73459148406982
"266",769,55,105,45,18,7,15,38,0,0,0,1,2,3,9,5,6.64509105682373
"268",1924,45,112,40,16,17,18,38,1,0,0,1,1,1,12,12,7.56216144561768
"270",417,48,131,39,12,7,1,28,0,0,0,1,1,2,12,6,6.03308629989624
"271",1202,48,114,28,16,6,6,28,1,0,0,1,3,3,16,16,7.09174203872681
"274",1202,40,125,30,14,10,11,29,1,0,0,1,2,3,12,12,7.09174203872681
"276",1202,40,84,21,14,6,5,31,1,1,0,1,2,1,11,9,7.09174203872681
"277",850,43,113,26,12,7,3,28,1,0,0,1,1,2,8,12,6.74523639678955
"278",1000,40,102,46,16,13,11,35,1,0,0,1,6,2,10,12,6.90775537490845
"280",1000,40,112,47,14,15,4,35,1,0,0,1,4,1,12,10,6.90775537490845
"281",865,40,111,38,16,11,4,31,1,0,1,1,4,5,8,5,6.76272964477539
"282",1375,40,96,24,13,3,3,30,1,0,0,1,3,1,11,8,7.22620916366577
"283",1586,40,127,48,16,16,12,37,1,0,0,1,4,4,16,16,7.36897039413452
"286",898,40,101,41,16,7,9,35,0,0,0,1,3,4,16,14,6.80016994476318
"287",906,40,120,40,14,16,2,37,1,0,0,1,5,1,12,12,6.80903911590576
"288",952,40,99,34,13,10,10,31,1,1,0,1,1,1,8,10,6.85856485366821
"289",571,40,78,33,13,10,1,29,0,1,0,1,5,5,8,9,6.34738922119141
"290",445,45,110,23,12,15,13,32,0,0,0,1,2,2,5,11,6.09807443618774
"291",289,40,94,35,12,9,0,30,1,0,0,1,2,3,5,11,5.66642665863037
"292",1444,40,120,50,16,12,15,37,1,0,0,1,1,2,17,13,7.27517223358154
"293",962,55,108,45,12,19,21,36,1,0,0,1,3,1,8,8,6.86901426315308
"294",1075,40,103,31,12,17,10,33,1,0,0,1,13,3,11,11,6.98007583618164
"296",1250,40,106,36,12,14,19,35,1,0,0,1,4,1,11,13,7.13089895248413
"299",800,40,88,29,10,21,14,37,1,1,0,1,8,1,11,8,6.68461179733276
"300",1050,40,119,37,16,7,18,37,0,0,0,1,2,2,12,13,6.95654535293579
"302",654,50,121,49,17,12,13,34,1,0,0,1,1,2,11,12,6.4831075668335
"303",781,50,112,33,12,8,10,30,1,0,0,1,2,2,12,8,6.6605749130249
"304",1038,48,103,36,15,8,2,36,1,0,1,0,2,1,12,15,6.9450511932373
"305",1924,50,99,48,16,16,14,37,1,0,0,1,0,1,16,18,7.56216144561768
"306",1202,40,101,40,15,15,17,37,1,0,0,1,3,2,12,12,7.09174203872681
"308",905,45,109,41,14,11,14,36,1,0,0,1,3,4,8,8,6.80793476104736
"309",890,70,73,46,12,6,8,31,1,0,0,1,3,1,12,12,6.79122161865234
"310",817,40,116,27,16,10,7,31,1,0,1,0,1,2,16,16,6.70563888549805
"311",812,40,98,42,12,10,2,29,0,0,0,1,3,2,12,12,6.6995005607605
"312",577,60,104,43,14,6,2,30,1,0,1,1,2,3,14,12,6.35784244537354
"313",756,40,78,29,14,9,2,31,1,0,0,1,2,2,12,12,6.62804126739502
"315",1155,45,85,39,12,14,1,34,1,0,0,1,2,1,12,12,7.05185556411743
"316",1025,40,104,25,12,12,7,29,1,0,0,1,3,4,12,10,6.93244791030884
"318",1001,40,109,48,12,20,22,37,1,0,0,1,1,1,8,10,6.90875482559204
"320",1230,50,96,33,13,11,12,30,1,0,0,1,3,2,10,11,7.11476945877075
"322",714,40,90,32,12,17,1,37,1,0,0,0,5,3,12,12,6.57088279724121
"324",2067,40,106,41,16,12,13,33,1,0,1,1,2,1,14,12,7.63385343551636
"325",912,40,96,32,16,11,5,30,1,0,0,1,2,2,14,12,6.81563997268677
"326",600,40,114,39,12,8,5,30,1,0,1,1,6,3,8,8,6.39692974090576
"328",711,45,110,38,16,8,5,32,1,0,1,1,3,2,13,12,6.56667232513428
"329",1151,48,87,41,12,18,9,38,1,0,0,1,2,1,12,12,7.0483865737915
"330",1000,40,89,31,12,9,5,28,1,0,0,1,2,3,13,12,6.90775537490845
"332",400,70,100,43,12,12,3,32,1,0,0,1,3,2,5,8,5.99146461486816
"333",1175,45,111,38,12,17,14,34,1,0,0,1,0,1,16,4,7.06902360916138
"334",1202,40,100,40,12,18,2,37,1,0,0,1,0,1,12,12,7.09174203872681
"335",1442,40,114,38,12,16,17,33,1,0,0,1,2,3,12,10,7.2737865447998
"337",781,40,89,24,11,13,10,30,1,0,0,1,3,1,9,8,6.6605749130249
"338",750,60,74,23,10,13,9,30,1,0,0,1,4,2,11,9,6.62007331848145
"339",841,48,110,37,18,13,1,37,0,1,0,1,1,1,12,12,6.73459148406982
"340",700,50,130,29,13,14,1,38,1,0,0,1,1,2,11,14,6.55108022689819
"341",1346,50,108,51,16,9,4,36,1,0,0,1,1,2,12,10,7.20489263534546
"342",800,45,98,31,12,16,12,33,1,0,0,0,3,4,10,8,6.68461179733276
"344",1105,40,104,29,16,5,8,29,1,0,0,1,3,1,12,12,7.00760078430176
"345",475,52,98,33,14,12,1,30,0,0,0,1,6,1,8,10,6.16331481933594
"346",762,58,104,37,15,6,4,33,1,0,0,0,2,1,11,12,6.63594675064087
"348",721,40,134,38,13,9,9,30,0,0,1,1,3,3,8,8,6.58063936233521
"349",800,50,92,28,9,18,13,34,1,0,0,1,0,1,8,8,6.68461179733276
"350",658,40,129,34,16,11,9,30,1,0,0,1,2,1,13,16,6.48920488357544
"351",1270,40,118,42,14,4,16,36,1,0,0,1,2,1,12,12,7.14677238464355
"353",824,42,92,37,12,19,15,38,1,0,0,1,1,1,12,11,6.71417045593262
"354",1442,40,118,33,16,6,7,29,1,0,0,1,2,1,16,12,7.2737865447998
"355",1400,42,108,38,17,7,3,31,1,0,0,1,2,1,12,14,7.24422740936279
"356",1038,50,119,42,12,20,5,36,1,0,0,0,3,3,12,8,6.9450511932373
"357",668,43,109,29,12,11,12,29,1,0,0,0,2,3,8,7,6.50428819656372
"358",1100,40,91,41,12,18,10,36,1,0,0,0,2,3,8,8,7.00306558609009
"359",1000,45,118,38,14,9,7,30,1,0,0,1,3,1,12,10,6.90775537490845
"361",1111,40,103,33,14,13,13,31,1,0,0,0,6,3,14,12,7.01301574707031
"362",962,40,120,25,16,6,4,28,1,0,0,0,4,3,12,8,6.86901426315308
"363",729,47,122,40,18,6,13,34,1,0,0,1,3,3,8,6,6.59167385101318
"365",1010,50,104,37,11,15,7,38,1,0,0,0,6,1,9,6,6.91770553588867
"366",600,40,96,22,11,7,2,29,1,0,1,1,4,3,8,8,6.39692974090576
"367",596,40,83,36,12,16,17,34,1,0,0,0,3,3,8,8,6.39024066925049
"369",670,40,88,27,12,9,2,29,1,0,0,1,7,3,10,8,6.5072774887085
"370",793,40,96,43,12,17,18,36,1,0,0,0,4,5,8,8,6.67582321166992
"371",1442,40,123,42,17,14,7,38,1,0,1,0,2,3,12,6,7.2737865447998
"372",670,50,108,43,12,14,8,34,1,0,1,1,5,1,11,7,6.5072774887085
"373",876,45,116,35,16,10,8,29,1,0,0,1,2,1,12,12,6.77536630630493
"374",841,40,109,45,18,13,2,36,1,0,0,0,3,4,16,12,6.73459148406982
"375",975,40,97,39,13,8,0,31,1,0,0,1,3,1,12,12,6.88243770599365
"376",1223,40,107,34,12,7,3,28,1,0,0,0,1,1,12,10,7.10906219482422
"377",910,30,95,27,12,16,5,35,1,0,1,1,2,3,12,14,6.8134446144104
"378",533,45,109,31,15,8,2,30,1,0,0,1,2,2,15,12,6.27852153778076
"379",750,40,104,36,12,15,11,33,1,0,0,0,0,1,12,12,6.62007331848145
"380",1206,40,110,37,12,16,4,38,1,0,0,1,1,1,12,12,7.09506416320801
"381",745,40,94,40,13,17,1,36,0,0,0,0,2,3,13,8,6.61338424682617
"382",900,40,103,38,12,15,1,37,1,0,1,0,3,3,8,6,6.80239486694336
"383",1170,47,123,45,14,9,14,32,1,0,0,1,3,4,8,12,7.06475925445557
"384",540,50,113,33,12,12,3,31,1,0,0,0,5,4,6,12,6.29156923294067
"386",615,40,100,31,14,9,4,30,1,0,0,0,3,3,12,12,6.42162227630615
"387",909,40,95,39,13,6,2,31,1,0,0,1,2,1,12,12,6.81234502792358
"388",769,40,100,34,12,18,12,36,1,0,0,0,1,2,8,8,6.64509105682373
"389",984,40,108,39,13,17,18,37,1,0,0,1,4,1,15,8,6.89162588119507
"391",879,70,90,43,12,17,10,35,0,0,0,1,1,2,12,16,6.77878475189209
"392",1027,45,115,41,12,16,7,35,1,0,0,1,4,3,8,5,6.93439722061157
"394",465,43,84,33,13,10,1,29,1,0,0,1,3,3,11,11,6.1420373916626
"396",641,45,125,44,14,9,0,37,1,0,0,1,1,1,12,11,6.46302938461304
"397",1035,48,107,42,12,21,14,38,1,0,0,1,1,2,11,8,6.94215679168701
"398",1212,40,129,33,14,9,3,32,0,0,0,1,6,7,8,9,7.10002708435059
"399",950,40,98,40,12,11,6,30,1,0,0,1,3,4,12,12,6.85646200180054
"401",1250,40,114,37,16,8,8,30,1,0,0,1,5,3,2,8,7.13089895248413
"402",586,60,111,37,18,6,10,34,1,0,0,0,3,1,12,11,6.37331962585449
"403",693,53,101,29,12,7,6,28,1,0,0,0,1,2,12,12,6.54102993011475
"404",562,40,99,25,12,18,12,34,0,0,0,0,1,1,12,12,6.33150196075439
"405",375,60,75,24,12,12,5,30,0,0,0,0,4,1,12,8,5.92692613601685
"407",654,50,113,38,17,1,13,33,1,0,0,0,1,1,12,10,6.4831075668335
"409",1111,40,98,32,14,10,1,29,1,0,0,1,3,1,12,15,7.01301574707031
"410",1368,45,107,31,16,11,1,33,1,0,1,1,2,2,16,16,7.22110509872437
"411",1282,45,121,39,18,7,13,32,1,0,0,1,2,2,12,12,7.15617656707764
"413",1346,40,134,42,15,15,7,35,1,0,0,1,2,1,12,10,7.20489263534546
"415",854,48,120,38,16,8,5,29,0,0,0,1,2,3,12,16,6.74993133544922
"416",888,50,105,36,15,9,5,32,0,0,0,1,2,2,12,10,6.78897190093994
"418",583,58,113,29,16,9,0,30,1,0,0,1,2,2,12,9,6.36818695068359
"419",1260,45,106,37,12,5,3,29,1,0,0,1,2,1,12,13,7.13886690139771
"420",947,48,104,41,18,8,13,35,1,0,0,0,3,2,9,12,6.85329914093018
"422",1575,40,117,28,12,13,2,30,1,0,0,1,3,3,10,10,7.36201047897339
"423",758,38,126,42,16,10,8,28,0,0,0,1,2,2,12,12,6.63068342208862
"424",1442,40,112,42,12,19,15,36,1,0,0,1,3,2,10,8,7.2737865447998
"426",1126,40,116,33,12,5,0,31,1,1,0,1,9,5,9,10,7.02642679214478
"428",500,70,83,20,12,13,11,32,1,0,0,1,5,1,6,6,6.21460819244385
"429",1200,50,84,13,12,13,9,32,1,0,0,1,5,2,6,6,7.09007692337036
"431",1920,40,109,32,12,13,2,31,1,0,0,0,0,1,12,8,7.56008052825928
"432",684,45,111,25,14,7,7,29,1,0,0,1,4,1,12,12,6.52795791625977
"433",774,40,94,33,12,20,4,37,1,0,0,0,1,1,12,7,6.65157175064087
"435",975,40,101,33,13,12,10,30,1,0,0,0,3,3,12,13,6.88243770599365
"436",1366,40,90,35,12,13,1,30,1,0,0,1,3,3,12,12,7.219642162323
"437",2137,40,120,48,16,16,3,37,1,0,1,1,3,3,12,12,7.66715812683105
"438",700,40,120,38,16,10,1,29,1,0,1,1,1,1,12,12,6.55108022689819
"440",1161,40,99,43,13,16,18,36,1,0,0,1,0,1,12,8,7.05703687667847
"441",729,60,80,31,11,16,15,34,1,0,0,1,6,1,12,6,6.59167385101318
"442",750,45,93,45,11,17,2,36,1,0,0,1,1,2,10,5,6.62007331848145
"444",1111,45,118,43,15,11,3,32,1,0,0,1,3,1,11,10,7.01301574707031
"446",1200,42,119,28,16,11,5,30,1,0,0,1,5,1,10,11,7.09007692337036
"447",1541,40,94,39,12,8,1,32,1,0,0,1,8,3,12,11,7.34018707275391
"448",1154,40,109,42,16,12,9,34,1,0,0,1,0,1,13,16,7.05098962783813
"449",310,40,104,37,13,10,0,33,0,0,0,0,2,1,14,8,5.736572265625
"450",610,50,89,21,12,14,4,30,1,0,0,0,1,2,7,6,6.41345882415771
"451",1749,43,101,28,12,16,17,36,1,0,0,0,2,2,12,8,7.46679925918579
"452",1000,40,96,34,16,9,1,31,0,0,1,1,4,2,12,7,6.90775537490845
"453",350,40,109,48,12,14,1,36,1,0,0,0,1,1,9,7,5.85793304443359
"454",765,45,94,38,12,17,18,37,1,0,0,0,10,6,4,6,6.63987588882446
"455",790,40,115,34,12,15,2,34,1,0,0,0,6,5,6,5,6.67203283309937
"456",818,47,92,41,12,16,17,38,1,0,0,0,12,1,8,4,6.706862449646
"457",477,60,71,32,9,12,1,30,1,0,0,0,4,2,11,5,6.16751670837402
"458",938,50,130,39,14,15,1,33,1,0,0,0,3,1,12,11,6.84375
"459",2099,55,119,38,16,10,4,32,1,0,0,1,0,1,12,12,7.64921617507935
"460",350,40,74,24,12,14,3,32,1,0,0,1,4,2,10,13,5.85793304443359
"461",940,48,104,25,12,13,0,32,1,1,0,1,7,2,12,8,6.84588003158569
"464",1058,40,120,44,16,16,13,37,1,0,0,0,5,4,12,4,6.96413564682007
"465",1000,40,96,40,11,15,15,37,1,0,0,1,5,5,8,9,6.90775537490845
"468",958,60,98,42,12,11,9,28,1,0,0,1,0,1,12,11,6.8648476600647
"469",995,40,92,23,9,22,13,38,1,1,0,1,7,3,7,4,6.90274286270142
"472",511,45,101,25,12,13,1,30,1,0,0,1,4,2,11,12,6.23636960983276
"473",1411,45,111,40,16,11,12,32,1,0,1,1,1,1,12,9,7.25205373764038
"474",1346,40,106,38,16,15,11,37,1,0,0,1,1,1,8,14,7.20489263534546
"475",1522,46,102,37,12,15,16,37,1,0,0,0,3,2,12,10,7.32778072357178
"476",1075,40,115,28,14,9,10,30,1,0,0,0,2,1,12,10,6.98007583618164
"477",1200,50,99,37,12,11,11,28,1,0,0,1,5,4,10,8,7.09007692337036
"478",1377,37,118,48,16,15,1,36,1,0,0,1,2,2,11,10,7.22766256332397
"479",874,55,132,37,13,8,2,33,1,0,0,0,2,1,13,16,6.77308034896851
"481",1250,32,98,40,12,17,2,33,1,0,0,1,0,1,14,10,7.13089895248413
"482",1082,40,111,44,13,20,12,36,1,0,0,1,4,2,8,11,6.9865665435791
"483",693,40,79,36,11,18,3,38,1,0,0,0,3,2,8,8,6.54102993011475
"484",727,55,97,29,12,11,11,31,1,0,0,0,3,1,12,11,6.58892631530762
"485",615,50,99,49,15,16,15,38,1,0,0,0,2,3,12,14,6.42162227630615
"487",884,46,120,45,17,4,10,36,1,0,0,0,2,1,12,18,6.78445720672607
"488",698,43,97,33,12,10,4,29,1,0,0,1,2,3,8,8,6.54821920394897
"489",800,55,106,34,12,17,18,36,1,0,0,0,3,3,8,12,6.68461179733276
"490",812,40,131,44,16,9,3,30,0,0,0,0,1,1,12,12,6.6995005607605
"492",549,49,79,23,12,11,3,32,0,0,0,0,4,2,8,8,6.30809831619263
"494",923,50,107,30,16,9,8,33,1,0,0,1,6,4,9,8,6.82762908935547
"496",721,40,105,22,12,11,9,30,1,0,0,0,3,2,12,10,6.58063936233521
"497",815,40,114,25,12,15,14,31,1,0,0,0,2,1,12,10,6.70318794250488
"499",1100,40,104,41,12,18,7,37,1,0,0,1,2,3,11,13,7.00306558609009
"500",1058,40,85,48,12,18,19,35,1,0,0,1,2,1,9,12,6.96413564682007
"501",962,40,93,46,12,15,1,30,1,0,0,1,2,2,9,12,6.86901426315308
"502",433,50,100,40,12,5,9,37,1,0,0,0,2,2,8,7,6.07073783874512
"504",1417,38,88,36,16,9,10,32,0,0,0,1,2,1,12,12,7.25629711151123
"505",1000,65,93,32,12,11,9,29,1,0,0,1,7,1,12,8,6.90775537490845
"506",500,40,98,26,13,14,5,32,1,0,0,0,3,4,12,8,6.21460819244385
"507",800,50,110,35,14,8,5,28,1,0,0,1,3,4,12,10,6.68461179733276
"509",750,43,94,38,14,12,10,33,1,0,0,0,1,1,11,12,6.62007331848145
"510",550,40,77,36,12,15,2,37,1,0,0,0,6,3,8,8,6.30991840362549
"512",723,40,102,44,12,12,10,30,1,0,0,1,10,6,12,6,6.58340930938721
"513",1039,40,113,49,14,12,8,34,1,0,0,1,1,2,16,14,6.94601392745972
"514",200,55,103,38,10,11,15,32,1,0,1,1,3,2,12,5,5.29831743240356
"516",575,40,96,31,11,17,1,35,1,0,1,1,2,1,12,7,6.3543701171875
"517",850,40,97,35,11,16,5,37,1,0,1,1,1,1,12,6,6.74523639678955
"521",1270,40,104,34,16,8,4,31,1,0,1,1,3,4,16,17,7.14677238464355
"522",350,45,116,36,16,5,3,33,1,0,1,1,2,2,11,12,5.85793304443359
"524",1463,45,104,47,15,14,11,37,1,0,1,1,3,4,12,12,7.28824424743652
"525",802,40,99,26,12,13,12,29,1,1,1,1,8,6,9,12,6.68710851669312
"526",642,45,93,18,12,12,7,30,1,1,1,1,1,2,6,6,6.4645881652832
"527",751,40,114,37,13,9,2,28,1,0,1,1,2,2,12,10,6.62140560150146
"529",1400,40,92,34,12,15,5,36,1,0,1,1,2,1,6,2,7.24422740936279
"530",940,45,98,41,18,10,7,31,1,0,1,1,2,2,8,12,6.84588003158569
"532",675,40,77,42,12,20,4,38,1,1,1,1,5,2,12,6,6.51471281051636
"536",1442,40,132,39,17,8,1,33,1,0,1,1,3,1,8,12,7.2737865447998
"537",560,49,112,37,16,13,2,32,1,0,1,0,3,1,8,2,6.32793664932251
"538",550,56,99,42,12,17,11,36,1,0,1,1,1,2,12,12,6.30991840362549
"540",684,45,106,45,13,16,2,38,1,0,1,1,1,1,12,14,6.52795791625977
"543",417,40,80,30,12,8,0,30,0,0,1,1,3,4,8,7,6.03308629989624
"544",472,45,71,24,11,9,0,32,1,0,1,1,13,6,6,6,6.15697908401489
"546",1679,55,127,45,18,10,3,32,1,0,1,1,1,2,12,16,7.42595386505127
"547",1039,40,114,43,16,1,9,31,0,0,1,1,6,5,8,8,6.94601392745972
"549",760,40,88,34,12,12,15,31,1,0,1,1,2,1,12,7,6.63331842422485
"550",1154,42,88,32,12,14,12,29,1,0,1,1,2,2,12,7,7.05098962783813
"551",1602,60,110,45,15,14,1,37,1,0,0,1,5,1,14,12,7.37900829315186
"552",1442,40,110,40,13,13,13,29,1,1,1,1,1,2,7,9,7.2737865447998
"553",865,40,130,39,16,5,3,30,1,0,0,1,4,2,8,12,6.76272964477539
"557",770,40,80,25,12,16,14,35,1,0,0,1,1,2,12,12,6.64639043807983
"558",1000,40,72,20,12,16,9,34,1,0,0,1,3,4,12,12,6.90775537490845
"559",1329,55,115,56,18,10,5,36,1,0,0,1,1,1,12,12,7.1921820640564
"560",1682,40,115,48,16,10,4,37,1,0,1,1,1,2,12,17,7.42773866653442
"561",577,55,108,47,16,4,0,31,1,1,1,1,2,2,8,8,6.35784244537354
"562",685,40,93,27,12,17,7,38,0,0,1,1,6,6,8,3,6.5294189453125
"563",577,40,111,37,16,8,8,29,0,1,1,1,1,1,18,18,6.35784244537354
"564",1040,40,101,38,12,19,9,38,1,1,1,1,6,1,11,12,6.94697618484497
"565",1250,40,92,42,16,10,11,32,0,0,1,1,1,1,12,10,7.13089895248413
"567",480,40,76,29,12,17,3,35,0,1,1,1,8,5,11,10,6.17378616333008
"568",1000,40,93,26,11,11,0,29,1,0,1,1,5,3,12,12,6.90775537490845
"569",988,48,91,39,12,15,15,36,1,0,1,1,1,2,8,8,6.89568281173706
"570",478,45,90,35,10,19,10,34,1,0,1,1,2,1,9,9,6.16961050033569
"571",440,40,84,23,12,11,2,30,1,1,1,1,5,3,9,4,6.0867748260498
"574",1550,40,104,47,12,16,1,34,1,0,1,0,8,4,9,10,7.34601020812988
"575",960,40,107,23,12,11,9,29,1,1,1,1,11,2,6,9,6.86693334579468
"576",1000,40,100,42,12,16,14,32,1,0,1,1,2,3,12,12,6.90775537490845
"577",625,40,129,40,18,4,5,36,1,0,1,0,3,1,15,15,6.43775177001953
"578",1346,40,112,39,16,14,14,35,1,0,0,1,0,1,12,16,7.20489263534546
"581",1201,50,98,38,11,17,16,36,1,0,1,0,4,5,11,2,7.09090995788574
"583",1122,35,132,45,18,13,8,32,1,0,1,1,2,3,12,7,7.02286815643311
"586",507,55,110,36,14,10,4,32,1,0,1,1,2,2,13,16,6.22851085662842
"592",1634,40,94,39,13,18,18,36,1,0,1,1,2,2,8,8,7.39878606796265
"593",1282,45,97,48,16,4,1,32,1,0,0,1,11,3,16,16,7.15617656707764
"594",556,40,127,44,16,6,2,31,1,1,1,1,2,1,12,12,6.32076835632324
"595",1200,40,109,42,15,7,8,33,1,0,0,1,2,1,11,12,7.09007692337036
"596",855,45,89,21,12,6,6,31,1,0,1,0,4,3,3,3,6.75110149383545
"597",1053,40,90,33,12,18,7,37,1,0,1,0,1,1,11,11,6.95939874649048
"598",1000,48,105,39,12,11,4,28,1,0,1,0,0,1,12,7,6.90775537490845
"601",508,50,125,44,17,9,2,31,1,0,1,1,3,1,16,13,6.23048162460327
"603",1682,50,107,41,14,15,9,32,1,0,1,1,0,1,12,12,7.42773866653442
"605",843,40,102,32,14,8,7,29,1,0,1,0,1,1,16,16,6.73696708679199
"608",650,40,99,36,12,13,10,30,1,0,1,0,1,2,12,10,6.47697257995605
"610",2137,45,102,35,13,8,2,30,1,0,1,0,0,1,12,12,7.66715812683105
"611",761,48,95,44,12,14,21,38,1,0,1,1,1,1,12,5,6.63463354110718
"612",769,40,98,37,16,8,3,35,0,0,1,1,0,1,11,8,6.64509105682373
"616",2500,60,82,41,12,21,1,38,1,0,1,0,3,3,8,5,7.82404613494873
"618",1212,40,95,36,12,6,16,38,1,0,1,0,3,1,12,8,7.10002708435059
"619",577,40,92,33,15,8,1,28,1,1,1,1,1,2,10,7,6.35784244537354
"620",390,59,74,26,15,10,3,30,1,1,1,1,3,3,7,6,5.96614694595337
"621",1500,40,123,43,16,9,12,32,1,0,1,1,1,1,12,14,7.31322050094604
"622",583,80,86,24,12,9,1,30,1,0,1,1,2,2,12,12,6.36818695068359
"625",1442,60,117,39,16,9,3,31,1,0,1,1,1,2,12,10,7.2737865447998
"626",1333,45,112,50,16,14,8,38,1,0,1,1,1,2,12,4,7.19518709182739
"627",1500,37,119,41,15,8,5,33,0,0,0,1,1,1,12,18,7.31322050094604
"630",973,36,81,33,13,11,5,32,1,0,1,1,0,1,6,9,6.88038396835327
"631",2162,40,124,48,18,10,8,32,1,0,1,1,1,1,10,10,7.67878913879395
"632",797,41,89,38,12,10,7,36,1,0,1,0,1,2,7,8,6.68085479736328
"633",400,40,88,34,12,14,1,32,1,1,1,1,7,7,7,6,5.99146461486816
"634",1015,40,67,31,12,15,11,32,1,1,0,1,3,2,9,5,6.92264366149902
"635",1744,43,106,41,16,8,9,29,1,0,1,1,1,1,12,16,7.4639368057251
"636",630,40,103,30,15,14,2,32,1,0,1,0,0,1,11,5,6.44571971893311
"637",445,40,91,40,12,11,4,32,1,0,1,0,0,1,6,8,6.09807443618774
"638",660,42,101,34,16,12,9,31,1,0,1,1,0,1,12,12,6.4922399520874
"640",377,40,83,32,12,9,1,36,0,0,1,1,1,1,12,12,5.9322452545166
"642",1122,60,102,54,17,7,13,32,1,0,1,1,2,2,12,11,7.02286815643311
"643",453,50,94,34,12,9,2,30,1,0,1,0,6,4,7,7,6.11589193344116
"644",1386,40,97,38,10,17,9,37,1,0,1,1,1,2,12,8,7.23417711257935
"645",1539,40,115,38,17,7,9,31,1,0,1,1,2,1,12,16,7.33888816833496
"646",1154,40,117,38,16,11,12,35,1,0,1,1,5,5,17,18,7.05098962783813
"647",962,50,105,45,14,15,2,37,1,0,1,1,3,4,8,4,6.86901426315308
"649",480,40,83,37,12,9,3,37,1,0,1,1,4,3,10,11,6.17378616333008
"650",808,50,101,44,18,8,9,38,1,0,1,0,3,2,17,12,6.69456195831299
"651",1442,40,113,36,13,14,8,36,1,0,1,1,2,1,12,12,7.2737865447998
"655",1026,45,113,27,16,9,13,30,1,0,1,1,2,2,16,14,6.93342304229736
"656",577,40,106,43,17,11,7,33,0,1,1,1,3,2,13,16,6.35784244537354
"657",1333,60,106,38,15,5,1,30,1,0,1,1,2,2,12,12,7.19518709182739
"659",1105,40,119,32,16,9,10,30,0,0,1,1,5,1,11,10,7.00760078430176
"661",1000,40,89,40,12,17,8,38,1,0,1,1,7,7,1,4,6.90775537490845
"662",1160,40,74,18,12,14,1,33,1,1,1,1,9,6,3,4,7.05617523193359
"663",1001,34,77,22,12,12,3,29,1,1,1,1,9,8,3,4,6.90875482559204
"665",929,40,97,28,13,12,5,30,1,0,1,1,2,1,12,12,6.83410882949829
"666",400,50,68,35,12,4,9,31,1,1,1,1,6,1,6,2,5.99146461486816
"667",1241,40,83,51,13,9,10,33,1,0,1,1,2,3,12,12,7.12367296218872
"671",812,40,81,20,10,17,13,34,1,1,1,1,2,2,8,3,6.6995005607605
"674",450,40,79,23,10,20,5,36,1,1,1,1,7,6,12,12,6.10924768447876
"675",621,43,84,24,12,14,10,31,1,0,1,0,4,3,8,6,6.43133115768433
"676",441,38,74,24,12,12,11,30,1,0,1,0,4,4,8,6,6.08904504776001
"680",1000,44,113,41,17,8,2,34,1,0,1,1,4,1,17,18,6.90775537490845
"681",393,48,92,37,12,15,16,38,1,0,1,1,1,1,8,7,5.97380971908569
"682",600,40,127,44,12,8,3,28,0,0,1,0,2,2,9,12,6.39692974090576
"684",962,40,97,42,12,15,4,34,1,0,1,0,5,1,10,8,6.86901426315308
"685",865,40,66,30,11,10,7,30,1,0,0,1,14,4,0,10,6.76272964477539
"686",1154,50,109,46,16,10,3,35,1,0,1,1,2,1,16,14,7.05098962783813
"687",1386,42,109,43,16,10,11,34,1,0,1,0,1,1,4,14,7.23417711257935
"689",865,40,85,44,13,4,9,34,1,0,1,1,3,3,8,8,6.76272964477539
"690",700,40,81,26,12,13,13,31,1,0,1,0,5,6,8,4,6.55108022689819
"692",1300,40,78,40,13,12,3,33,1,0,1,1,2,3,12,12,7.17011976242065
"693",900,40,54,37,14,12,3,31,1,0,1,1,2,1,12,12,6.80239486694336
"694",829,40,98,33,12,15,15,36,1,0,0,1,4,5,8,8,6.72022008895874
"696",827,40,105,29,16,7,8,30,1,0,0,1,2,1,16,12,6.71780490875244
"698",1155,40,117,25,13,9,1,28,1,0,0,1,3,2,12,12,7.05185556411743
"702",533,30,65,21,12,5,1,32,0,1,0,1,5,1,11,12,6.27852153778076
"703",2004,48,105,48,18,10,0,34,1,0,0,1,2,1,12,12,7.60290050506592
"704",890,60,92,20,14,9,8,32,1,0,0,1,1,2,7,7,6.79122161865234
"705",3078,30,107,23,13,11,4,29,1,0,0,1,2,2,12,12,8.0320348739624
"706",1539,40,111,41,17,10,13,37,1,0,0,1,3,2,12,16,7.33888816833496
"708",1354,40,119,49,17,13,9,35,0,0,0,0,2,1,16,16,7.21081829071045
"709",1143,35,97,40,12,21,8,38,1,0,0,1,5,1,12,12,7.04141187667847
"710",962,40,110,34,12,16,8,33,1,0,0,1,2,1,10,10,6.86901426315308
"711",1250,44,96,32,12,19,20,38,1,0,0,1,2,1,12,12,7.13089895248413
"712",990,40,67,23,12,16,3,34,1,1,0,1,2,1,8,8,6.897705078125
"713",905,40,102,31,12,17,4,37,1,0,0,0,5,5,12,12,6.80793476104736
"714",926,55,64,22,12,18,0,38,1,0,0,1,4,5,0,2,6.8308744430542
"715",1559,40,103,32,12,17,10,34,1,0,0,1,3,4,8,8,7.35179996490479
"716",1312,40,118,39,10,14,4,32,1,0,0,1,0,1,12,8,7.17930793762207
"718",879,40,118,41,18,1,9,31,1,0,0,1,1,2,13,13,6.77878475189209
"719",800,25,75,37,13,14,1,38,1,0,1,1,0,1,12,10,6.68461179733276
"720",1049,50,112,45,14,6,10,32,1,0,0,0,3,3,12,10,6.9555926322937
"721",550,40,95,20,12,4,1,30,0,0,0,0,3,4,12,10,6.30991840362549
"722",1190,40,119,38,17,4,2,34,1,0,0,1,0,1,12,14,7.0817084312439
"723",583,48,94,35,14,10,6,37,1,0,0,0,2,1,12,12,6.36818695068359
"724",1200,40,103,27,14,5,2,30,1,0,0,1,1,1,6,7,7.09007692337036
"725",797,55,90,36,16,11,5,33,1,0,0,1,5,2,14,17,6.68085479736328
"726",1371,40,128,50,18,8,13,36,1,0,0,0,1,2,16,12,7.22329568862915
"728",1270,40,84,40,12,11,12,30,1,0,0,1,2,2,12,12,7.14677238464355
"729",1832,40,97,38,12,16,1,36,1,0,0,1,1,2,8,12,7.51316356658936
"730",909,40,102,34,12,14,5,33,1,0,0,1,3,3,12,7,6.81234502792358
"731",1746,40,131,41,18,9,10,33,1,0,0,1,7,3,12,12,7.46508264541626
"732",520,40,126,23,16,8,1,30,1,0,0,1,7,5,12,12,6.25382900238037
"733",808,40,107,32,16,6,7,29,1,0,0,0,7,6,12,12,6.69456195831299
"735",692,50,92,49,15,9,3,38,1,1,0,1,0,1,8,8,6.53958606719971
"736",931,80,108,40,16,4,1,36,1,0,0,1,4,2,12,12,6.83625936508179
"737",812,45,115,46,16,11,3,34,1,0,0,1,1,2,12,8,6.6995005607605
"738",866,40,111,44,14,16,14,35,1,0,0,1,1,1,12,12,6.76388502120972
"739",1442,40,115,47,12,14,9,36,1,0,0,1,7,5,12,12,7.2737865447998
"740",500,40,101,31,14,12,0,32,1,0,0,0,2,2,11,6,6.21460819244385
"741",1384,50,114,48,18,12,2,37,1,0,0,1,1,1,12,13,7.23273324966431
"742",528,55,116,40,18,5,9,30,1,0,0,1,4,5,12,12,6.26909637451172
"744",1026,45,125,33,12,11,11,28,1,0,0,1,3,1,14,17,6.93342304229736
"748",1602,60,124,36,16,12,2,37,1,0,0,1,1,2,12,12,7.37900829315186
"749",1000,40,121,35,13,6,1,33,1,0,0,1,2,2,8,14,6.90775537490845
"751",1699,40,96,19,12,10,1,29,0,0,1,1,2,3,12,12,7.43779516220093
"752",1699,40,100,40,12,11,9,33,1,0,0,1,1,2,12,8,7.43779516220093
"754",1107,40,112,38,12,12,5,38,1,0,0,1,5,3,11,12,7.00940895080566
"755",625,40,73,24,11,1,1,31,1,0,0,1,3,4,12,12,6.43775177001953
"756",720,50,101,39,13,1,7,29,1,0,0,1,4,2,11,11,6.57925128936768
"757",855,40,99,44,12,19,10,36,1,0,0,1,1,2,12,12,6.75110149383545
"758",1250,40,95,23,12,12,2,32,1,0,0,1,2,2,12,12,7.13089895248413
"759",1130,40,109,40,18,4,13,38,1,0,0,0,1,2,18,15,7.02997303009033
"762",962,40,112,46,15,8,2,37,1,0,0,1,2,1,12,16,6.86901426315308
"764",1573,55,90,28,12,5,3,30,1,0,0,1,4,3,11,8,7.36073970794678
"765",940,45,102,46,14,11,7,36,1,0,0,1,1,2,12,10,6.84588003158569
"766",900,40,119,39,16,8,9,30,1,0,0,0,1,2,12,12,6.80239486694336
"767",882,44,96,34,12,15,13,31,1,0,0,0,6,3,8,10,6.78219223022461
"768",1710,45,118,40,18,12,12,38,1,0,0,1,1,1,12,12,7.44424867630005
"769",1260,45,79,39,12,19,15,37,1,0,0,0,3,2,9,8,7.13886690139771
"770",751,40,96,42,12,9,7,38,1,0,0,0,1,1,10,8,6.62140560150146
"771",1097,50,80,27,11,12,12,28,1,0,0,0,5,1,12,11,7.0003342628479
"773",1154,40,116,42,15,11,12,34,0,0,0,0,2,1,12,9,7.05098962783813
"774",1000,43,69,31,12,15,16,35,1,0,0,1,4,4,12,8,6.90775537490845
"776",857,65,99,41,12,18,3,38,1,0,1,1,2,1,8,8,6.75343799591064
"777",1211,27,92,33,12,13,3,31,1,0,0,1,3,2,16,12,7.09920167922974
"780",872,45,115,30,15,7,4,29,1,0,0,1,3,1,12,18,6.7707896232605
"782",1261,40,117,41,17,1,9,35,1,0,0,1,4,1,6,8,7.13966035842896
"783",950,40,96,38,12,14,2,35,1,0,0,1,1,1,8,2,6.85646200180054
"784",115,50,108,46,12,9,3,29,1,0,0,1,5,6,10,11,4.74493217468262
"785",673,40,92,34,17,6,4,31,1,0,0,1,5,5,16,12,6.51174545288086
"786",1084,45,95,38,15,17,10,37,1,0,0,1,1,2,16,16,6.98841333389282
"787",1058,40,94,40,14,13,14,34,1,0,0,1,0,1,15,9,6.96413564682007
"788",800,40,115,38,12,20,12,38,1,0,0,0,7,6,7,8,6.68461179733276
"791",855,40,109,36,12,17,15,36,1,0,0,0,3,1,7,6,6.75110149383545
"792",864,40,87,38,12,15,6,31,1,0,0,0,1,1,12,12,6.76157283782959
"793",1092,44,110,34,16,15,13,36,1,0,0,1,4,4,13,13,6.99576616287231
"796",673,40,85,21,12,17,10,35,1,0,0,0,2,2,12,12,6.51174545288086
"797",800,40,105,42,14,12,12,37,1,0,0,0,3,2,10,12,6.68461179733276
"798",1049,44,122,39,16,7,3,33,1,0,0,0,3,3,10,12,6.9555926322937
"799",884,40,108,40,17,9,11,35,1,0,0,1,3,2,14,9,6.78445720672607
"800",800,40,122,38,16,10,2,31,0,0,1,1,3,3,12,8,6.68461179733276
"801",1200,40,79,32,17,9,9,32,1,0,0,1,0,1,8,8,7.09007692337036
"802",664,40,105,30,12,8,10,29,1,0,0,1,7,6,12,12,6.49828195571899
"805",1000,40,110,42,12,6,12,37,1,0,0,1,5,2,8,12,6.90775537490845
"807",1202,40,131,32,16,10,2,33,1,0,0,0,3,2,12,12,7.09174203872681
"808",666,40,104,32,12,10,2,29,1,0,0,0,2,3,12,12,6.50128984451294
"809",923,40,110,39,16,15,11,37,1,0,0,0,2,1,12,7,6.82762908935547
"810",788,40,99,20,12,10,10,28,1,0,1,1,4,5,10,3,6.66949796676636
"813",866,40,85,26,12,11,12,30,1,1,1,0,8,5,6,0,6.76388502120972
"815",680,40,86,35,12,13,9,32,0,0,1,0,6,1,6,7,6.52209281921387
"816",693,40,68,38,12,11,19,35,1,0,1,0,5,2,12,8,6.54102993011475
"818",2308,40,116,42,17,8,2,38,1,0,0,0,6,1,12,13,7.74413681030273
"819",1196,45,96,45,14,10,4,32,1,0,1,0,2,3,10,6,7.08673810958862
"821",721,40,100,32,12,8,8,29,1,0,1,1,3,2,12,4,6.58063936233521
"822",1500,40,101,38,13,13,2,32,1,0,1,1,5,3,12,8,7.31322050094604
"823",1050,50,97,31,15,4,9,31,1,1,1,1,2,1,16,9,6.95654535293579
"826",1198,32,117,39,16,7,9,30,1,0,1,1,1,2,12,12,7.08840894699097
"828",889,36,116,37,12,12,11,28,1,0,1,1,1,2,9,12,6.7900972366333
"829",1076,38,106,42,12,19,20,36,1,0,1,1,1,1,12,9,6.98100566864014
"830",1127,40,98,45,12,17,12,36,1,0,1,1,1,2,14,12,7.02731466293335
"831",750,50,103,36,15,1,1,37,1,0,1,0,1,1,12,9,6.62007331848145
"833",525,40,100,22,13,5,1,31,1,0,1,0,1,1,10,12,6.26339817047119
"834",1104,54,96,39,12,11,4,29,1,0,1,0,1,2,10,12,7.00669527053833
"835",553,40,67,22,12,11,10,30,1,1,1,0,7,2,8,9,6.31535816192627
"836",800,43,96,27,12,10,1,29,1,0,1,0,1,1,10,10,6.68461179733276
"837",1384,50,104,42,13,8,7,31,1,0,1,0,3,1,13,14,7.23273324966431
"838",425,30,106,34,17,8,0,36,0,0,1,0,0,1,14,12,6.05208921432495
"839",510,54,62,34,11,13,4,33,0,1,1,1,7,6,2,10,6.23441076278687
"840",370,32,73,31,12,13,2,31,1,1,1,0,9,2,3,4,5.91350317001343
"841",596,40,62,26,12,16,14,33,1,1,1,0,9,8,2,8,6.39024066925049
"843",418,40,76,26,12,12,2,31,1,1,1,0,0,1,9,10,6.03548145294189
"846",950,40,81,29,11,16,5,35,1,0,1,0,3,4,10,6,6.85646200180054
"847",600,40,87,15,10,20,7,36,1,0,1,0,0,1,5,6,6.39692974090576
"850",550,40,95,34,12,14,13,31,1,0,1,0,0,1,5,5,6.30991840362549
"851",606,40,86,19,11,13,11,30,1,0,1,0,4,4,3,7,6.40687990188599
"852",425,40,86,17,10,7,1,30,1,0,1,0,4,4,3,7,6.05208921432495
"853",340,50,104,41,14,4,1,31,1,0,1,1,5,3,8,18,5.82894563674927
"854",692,50,95,21,12,16,9,34,1,0,1,1,2,2,7,5,6.53958606719971
"855",575,40,116,37,12,11,9,29,1,0,1,0,1,2,8,12,6.3543701171875
"856",571,40,66,20,9,15,10,33,1,0,1,0,5,1,8,6,6.34738922119141
"857",817,40,101,38,16,11,9,32,1,0,1,1,1,2,0,5,6.70563888549805
"858",987,40,96,23,12,11,5,29,1,0,1,0,1,2,12,12,6.89467000961304
"860",1026,60,105,34,16,12,1,35,1,0,0,1,3,1,14,10,6.93342304229736
"861",808,40,106,34,12,4,3,29,1,0,0,1,1,2,8,7,6.69456195831299
"862",808,50,101,34,17,8,0,30,1,0,1,1,1,2,15,15,6.69456195831299
"863",788,40,96,42,12,13,5,36,1,0,1,1,4,1,12,12,6.66949796676636
"864",850,40,105,34,12,6,2,33,1,0,0,1,1,1,12,9,6.74523639678955
"866",1418,45,102,44,12,19,20,36,1,0,1,1,2,3,8,8,7.25700283050537
"868",662,45,99,27,14,7,2,28,1,1,1,0,6,1,5,5,6.4952654838562
"869",562,55,90,46,13,4,1,38,1,0,1,0,1,1,12,11,6.33150196075439
"872",1009,40,118,37,16,11,12,32,1,0,1,0,0,1,12,10,6.91671514511108
"873",1442,40,108,40,12,17,17,36,1,0,1,1,1,1,9,12,7.2737865447998
"874",651,40,76,30,11,11,2,29,1,1,0,1,7,7,10,11,6.47850942611694
"879",937,40,104,37,12,14,15,32,1,0,1,0,1,2,12,9,6.8426833152771
"880",624,40,92,40,10,18,10,36,1,0,1,0,2,3,10,6,6.43615055084229
"881",750,40,83,27,12,4,10,32,1,1,1,0,7,1,10,6,6.62007331848145
"882",900,40,98,36,14,1,8,30,1,1,1,0,7,2,10,6,6.80239486694336
"884",642,35,87,26,13,9,3,30,1,0,1,0,10,10,4,10,6.4645881652832
"886",900,40,80,34,10,15,14,38,1,0,1,0,3,3,12,10,6.80239486694336
"887",513,40,104,40,16,8,10,33,1,0,1,0,5,2,12,10,6.24027585983276
"888",894,40,104,35,18,7,10,35,1,0,1,0,7,8,9,8,6.79570579528809
"889",1282,60,96,24,18,7,5,32,1,0,1,1,4,2,12,18,7.15617656707764
"890",485,40,89,24,12,10,9,30,0,0,1,0,4,3,12,18,6.18414878845215
"891",325,55,113,39,12,11,5,29,1,0,1,0,1,2,10,13,5.78382539749146
"892",769,45,105,29,12,16,5,33,1,0,1,0,4,1,7,7,6.64509105682373
"893",618,40,84,39,14,6,8,31,0,0,1,1,7,8,7,4,6.42648839950562
"894",1040,48,108,36,12,16,17,35,1,0,1,1,6,7,7,3,6.94697618484497
"895",751,40,104,32,12,15,4,34,1,0,1,1,4,3,8,3,6.62140560150146
"896",380,50,106,28,12,15,11,30,1,0,1,0,2,1,7,7,5.94017124176025
"898",753,46,70,34,10,21,7,38,1,0,1,1,4,2,12,7,6.62406539916992
"899",1065,65,104,39,16,10,11,34,1,0,1,1,2,3,11,12,6.97073030471802
"900",1070,40,91,42,12,13,1,30,1,0,0,1,1,2,14,12,6.97541379928589
"901",1573,55,112,42,18,7,8,34,1,0,1,1,1,1,14,18,7.36073970794678
"902",650,40,97,27,10,14,9,30,1,0,1,0,5,1,12,9,6.47697257995605
"903",700,45,99,40,12,15,7,32,1,0,1,0,4,2,10,10,6.55108022689819
"907",891,40,90,36,12,16,16,32,1,0,1,0,5,5,12,9,6.79234457015991
"909",1444,40,109,33,15,11,1,29,1,0,1,1,2,1,11,9,7.27517223358154
"912",1473,40,110,48,16,15,15,36,1,0,1,0,1,2,12,14,7.29505634307861
"913",803,40,120,35,13,4,1,28,1,0,1,1,3,4,10,12,6.6883544921875
"914",962,50,97,34,16,7,2,30,1,0,1,1,0,1,12,12,6.86901426315308
"916",600,40,114,36,16,5,4,30,1,0,1,1,2,1,12,12,6.39692974090576
"917",450,40,95,31,11,12,2,30,1,0,1,0,2,3,8,8,6.10924768447876
"918",629,60,93,32,12,6,1,30,1,1,1,0,8,3,10,6,6.44413137435913
"920",1562,40,97,28,17,7,2,32,1,0,1,1,5,1,12,13,7.3537220954895
"921",357,70,97,34,14,6,3,28,1,0,1,0,1,2,13,16,5.87773561477661
"923",566,45,104,46,16,5,2,32,1,0,1,0,1,2,12,12,6.33859395980835
"924",481,40,82,27,12,9,2,32,1,0,1,0,2,2,12,8,6.17586708068848
"925",1442,40,113,45,16,8,10,35,1,0,1,1,2,2,8,8,7.2737865447998
"926",645,45,93,39,12,11,3,35,1,0,1,0,7,7,7,8,6.46925020217896
"929",477,45,100,33,12,9,3,31,1,0,1,0,3,3,7,7,6.16751670837402
"930",664,60,82,30,16,10,9,34,1,1,1,1,3,4,16,16,6.49828195571899
"932",1202,40,102,32,13,10,3,31,1,0,1,1,7,7,8,6,7.09174203872681
