"","Y","X"
"1",0.285786172409657,4.73753287283685
"2",-1.83899055403069,3.94013297049382
"3",-3.09499880216931,5.47738985930359
"4",-4.78017479975774,6.86808407044727
"5",0.4664025970366,3.49536014435143
"6",-0.173537563462126,5.68932834186254
"7",0.476970983920606,2.99598723029623
"8",-1.23884051162875,2.48202471167732
"9",1.76528330509895,3.90360596927777
"10",-0.968224892380851,3.88951703227905
"11",0.152951822244106,7.72597671313023
"12",0.082885873080052,4.39382864164923
"13",1.15564563401344,4.05541564740716
"14",-0.103380658156135,4.14184562066484
"15",-0.804279634009451,4.42569515238593
"16",-2.78957253653195,5.71522665136773
"17",-0.968377590166951,3.35703849524101
"18",0.318576036095845,2.22960684589597
"19",-0.221890134951864,4.24160621498012
"20",0.0353308955358936,2.83538008770824
"21",-0.680008635807939,3.85663647021903
"22",-0.131921670926273,3.78281875496955
"23",-0.369430952178014,2.25571379561465
"24",-0.550706411290101,2.58555278390205
"25",-2.17722794656984,3.23710122935522
"26",1.654734589243,2.08414800291887
"27",-1.98538951774539,7.10352381817486
"28",-0.396587359537329,3.55664966896264
"29",-0.513763653711666,1.93189300016459
"30",-2.63303301865931,7.56525571985389
"31",-2.51759378689845,4.96130146602223
"32",-1.91164910582402,3.85543711832917
"33",-3.01861247509664,3.60960970801859
"34",-0.498887043008299,6.77443752290548
"35",-1.9067540645055,7.16978835569451
"36",-2.71236449027987,5.26600838766584
"37",0.438935966411611,5.41381366462794
"38",-0.622929075078581,6.01247020928926
"39",0.861917483872821,3.37593919462039
"40",-0.827604871399458,4.01663414728852
"41",-0.713846490098546,3.23163032647437
"42",-0.730892179436351,4.18444887117746
"43",0.803940074896018,2.53675787944168
"44",-1.40941902704909,8.08133822500259
"45",1.33547623747857,4.8247451827283
"46",-1.09204517450653,3.74422180954569
"47",-2.25428703646181,4.63612319231593
"48",-0.00323661913399068,3.29174462384622
"49",3.90680535373422,3.73419074401587
"50",-1.51901672048389,4.82572475863702
"51",-1.05975590569016,8.35998764407499
"52",-1.02028702676843,4.35298848356916
"53",-1.42599063548103,4.49845659690685
"54",-2.05861077937621,5.10785850041645
"55",-0.821855267875353,4.04622050075733
"56",0.940636774956208,5.76239418049873
"57",0.281190641545702,3.29137016886591
"58",-0.997382116648203,6.3731391440773
"59",0.355601110313625,4.66110084518365
"60",1.94363420817943,4.97250147415062
"61",-0.413980097140171,6.02174156568232
"62",-2.40871395838964,3.7809474560568
"63",-2.01381655413943,4.10442161331375
"64",-2.20494061557958,2.9142232743095
"65",-3.99218527200938,2.92746359394302
"66",-0.447193829173923,7.54513451054664
"67",-1.63405354865953,4.87164509916393
"68",-0.645834999407731,5.40881577711854
"69",-1.05985925808278,8.46183850308217
"70",-4.64763578305155,10.8475900894198
"71",-0.375488269411789,3.36923038038414
"72",1.08578400635931,1.81910606605833
"73",-0.308582464370106,4.25604784664574
"74",-1.63245504373177,4.07481583242392
"75",0.286991575380773,4.49307554376903
"76",0.144641942533442,4.25400644323932
"77",-0.665482733327849,3.51510765395741
"78",-1.78324543633841,3.10907554763127
"79",0.454196612628703,3.88294469546182
"80",-0.491636750635023,8.02090881716838
"81",0.300473392276592,6.30374633993589
"82",0.0608465381709724,5.34649020237313
"83",-1.67487354371461,4.98323475433701
"84",-2.73742709958913,6.97197815944085
"85",-1.25016355374451,3.83810360116159
"86",-1.75965525270027,5.35485308555609
"87",-0.357985474222526,5.7218507960781
"88",-0.00849398626136005,3.74218750491983
"89",-2.74640446345186,3.24222829128947
"90",-3.89058079781538,5.51862507549633
"91",-1.21789433648253,5.37120410287783
"92",-0.103475110984252,3.63104104182866
"93",-3.31387775626833,3.10123249386817
"94",-1.06130076288914,2.81334004636755
"95",-0.849625592121791,4.77720589329173
"96",1.50579198121583,4.12297097062543
"97",-4.64655610474548,6.59985969975084
"98",-3.78586258296098,7.02079251647033
"99",-3.17533500808233,6.2951008264436
"100",0.501215824793818,2.49366337683689
"101",0.221237754882196,3.49327911801359
"102",-1.63542646169746,5.36380680297087
"103",-4.32164368654128,7.08293317807838
"104",-0.794594401359383,2.80571724328546
"105",-0.960979556410517,3.3366653451234
"106",-0.392870302933604,3.21275420605619
"107",2.10388453703323,3.38244339259501
"108",-1.04231574991056,3.17043537430142
"109",-0.177859452350847,3.5714272168486
"110",-2.64384567386368,6.29252354451882
"111",-2.14691019870762,3.78592630831379
"112",-0.389936589895439,5.57860546404775
"113",-0.988764587312156,2.00590251905821
"114",3.7621883345961,3.21196319459027
"115",-0.589674122684063,4.44115576946482
"116",-1.27247836742764,5.71537958379916
"117",-0.221170664050496,3.25412304825592
"118",2.38450188174869,3.44561329036926
"119",0.63783417295925,3.60220110200142
"120",-0.146661443541851,2.58341414224944
"121",-2.12324982839831,3.94801677517602
"122",-1.49867338153818,3.05938098943627
"123",-1.42935094028579,3.63841683671987
"124",1.46042984840618,3.51553340053451
"125",-2.49389733078219,7.45327404657669
"126",-1.65497215976656,4.16826319632504
"127",-0.132913691694837,5.50610989503854
"128",1.58021213257021,3.64431938832848
"129",-1.78203603344331,4.59964037834908
"130",-0.681992203030346,3.10552512980891
"131",-1.77727576632575,7.53116269212698
"132",-1.53651349385618,6.05932485200993
"133",-0.243191094535123,4.63576013960519
"134",2.32789400649583,3.19269759450019
"135",0.227436241434762,2.37432854948479
"136",-3.08691565043011,8.37988539338861
"137",0.54776401847153,3.27743139099487
"138",-0.774671162277116,4.40977491817988
"139",-0.0146133588029577,4.80481444561321
"140",-0.400876311917994,3.1682665439983
"141",-0.0406898966498814,4.33585146915291
"142",-2.25605419716583,3.08918176097683
"143",-0.0676558622509257,3.17463720878037
"144",-0.790893916808882,3.12170853295696
"145",-0.89546995849115,1.42357700322333
"146",-0.615900496485688,3.06346484112771
"147",0.843169164412923,2.36582226507678
"148",-0.0917648215911413,3.44471498739722
"149",-0.474547788674722,5.91056386183524
"150",1.58304464487454,2.49517565123957
"151",-0.400199486218779,6.14364910599637
"152",-1.79987239032293,5.68195079221644
"153",-2.3662581308364,3.97592324518845
"154",-0.149327556130157,2.50574807934528
"155",0.487688853600522,5.33290745603299
"156",-1.47681743739686,5.61004782927216
"157",-3.06435995713773,4.49775979733898
"158",0.369853117699043,3.65013540081199
"159",-1.01823757935793,5.83358054135826
"160",-0.982128417638697,3.83117943918749
"161",-1.00612551625655,5.50259140957778
"162",1.77254521443511,3.32812279996477
"163",2.23461541456937,2.20545064280741
"164",-2.3343709063481,6.3781393020548
"165",-0.741914223354817,4.51399323127063
"166",-2.03168945159948,2.95059372386796
"167",-1.12453440218952,3.19067155708479
"168",2.14432296699401,4.39151567921356
"169",0.639252542457437,5.95850614271681
"170",-1.69917388982559,5.74991749618414
"171",-2.97952753448542,7.00046786905515
"172",-1.69225163896881,2.51910887491644
"173",2.18545184879425,4.64247903421366
"174",-2.50976900415244,8.3437598313402
"175",-1.41206501070453,4.1441888154417
"176",1.21192574751382,3.62538340593661
"177",-2.66565437364207,5.22121035163936
"178",0.514368313106171,4.0262972581672
"179",0.787039892875865,5.50131686034116
"180",-0.450043039285321,3.30563509828449
"181",2.38964015776393,2.32556207177911
"182",-0.134726958082779,5.08403538668322
"183",-1.00170592790156,3.08345397407867
"184",0.871678851866644,2.88104401783908
"185",-1.29604846935819,3.59942894278306
"186",-1.09225502565672,3.67417505966227
"187",0.530417443927833,4.12945553848763
"188",-1.99135764956637,5.63745484344684
"189",-1.54730154734657,6.02551203366311
"190",1.04249841541634,3.797193309034
"191",-2.68292171182305,4.95594713167289
"192",2.11109866215125,3.28997512239665
"193",2.08729987421431,4.60092246213917
"194",-0.0919471989926106,4.92190983325566
"195",0.963339001017992,2.26672357566862
"196",-2.07442793042161,5.74476335062796
"197",0.381756399344983,3.6251357785509
"198",-0.661229602206232,2.90263921976694
"199",0.538015750769175,2.7390358289377
"200",-1.4242684174466,3.9064652086278
"201",-0.361181835979043,5.95230632561934
"202",-0.519895238764859,5.99527686051574
"203",0.789271610251519,4.93718888990194
"204",1.93607206827448,4.73439158102104
"205",-0.960290130567857,3.09216664152823
"206",0.960098782428052,3.81259843691906
"207",-2.56313530495454,4.08934864827774
"208",-1.00226789552458,3.71057631895824
"209",0.411948145341475,4.85028732560748
"210",-1.90073146472528,4.71298302792842
"211",-0.219960667662139,4.4175408662752
"212",-2.07205356169883,4.59726492685049
"213",-0.826925647736224,3.60634131828456
"214",-1.20042827943365,5.28546542548967
"215",-0.965536635259045,3.19917426262411
"216",-3.71229975281149,4.9208986740423
"217",-0.171416305855044,4.03041286407212
"218",0.567340469121869,3.20853937314298
"219",-0.139326890265319,3.6653409901533
"220",-0.404143604461735,2.42589988442864
"221",0.707833676381161,4.13049308922882
"222",0.390343728260669,5.26704363227767
"223",-5.38350341489237,7.05325179531365
"224",0.835087042092435,4.51060389008952
"225",-2.67912822586402,3.32493533389807
"226",-1.99037245660553,6.00620932225756
"227",-1.57649802416348,3.01578072733102
"228",-1.03653563106029,3.29086297424147
"229",1.46858383563112,3.7875421003354
"230",0.182545563161891,4.14674103963888
"231",-0.486655140967075,5.3702650245067
"232",-3.94155387351056,5.00565758918817
"233",-1.92294193550708,7.4011757956995
"234",0.342730279031354,4.09306333848018
"235",0.121994247614221,5.19113775811881
"236",-1.17973328826049,2.60670737134947
"237",0.493217228493602,4.66533774199364
"238",-3.45207183000616,5.95790579207936
"239",2.6921618861701,2.53358414521269
"240",-1.24663211091994,3.23438533256264
"241",1.17180794420824,2.82019983821426
"242",0.519004835868776,2.86117940010806
"243",-3.47496697470607,6.94161739550177
"244",1.7828977422662,2.67065673601764
"245",-0.291225769874395,3.67685550677449
"246",-0.969631364516753,7.25406947851633
"247",-0.39756626295195,4.41227293984838
"248",1.3706355697694,2.71521004694493
"249",-0.873327074114945,4.80797592161664
"250",1.10290787026328,3.94852722255923
"251",-1.89336814990671,5.79061838868222
"252",0.794198737169446,2.90299910755782
"253",0.0428320440832509,3.98509787400472
"254",1.08945975057398,3.20787638187937
"255",-2.7981391891,6.83970493984394
"256",0.243191673965717,3.01620410447482
"257",-1.0625036417302,3.48405263681337
"258",0.0390157586872761,5.49198435550032
"259",-1.26902744154062,3.73723385741747
"260",2.31745005300036,3.26461080936626
"261",1.40777452561979,2.41995942659696
"262",-0.141740696931759,3.24470937464787
"263",1.22791397420534,3.95581087983471
"264",-0.720282311955625,4.20130531431644
"265",-0.355636527262562,5.30441937025091
"266",-0.82858752456464,6.15113441727103
"267",0.0585370008048713,4.07945937542973
"268",-0.245020254613354,1.80213637483919
"269",-2.44460779673588,4.35129370987097
"270",-2.36667862592103,2.97707219132532
"271",-1.63430809254804,4.97801518637397
"272",0.40421967207992,4.12279144125766
"273",-0.928454254099409,4.18080840602837
"274",-2.0961684968437,3.78874657287802
"275",2.38350979040002,4.33242016246319
"276",0.534392145378297,3.91679820322152
"277",2.26944961542524,3.96696820546273
"278",1.28510125839861,3.86078240937128
"279",-2.00419957452073,5.27915786715586
"280",-3.43621492741796,8.70734075031463
"281",-2.38537738724538,3.69589361744684
"282",0.092462530380697,4.9094501391685
"283",0.589790615863378,6.41282063861816
"284",-2.06423214327672,4.52493988949422
"285",-1.82747735906331,3.25462628455722
"286",0.518711760682552,4.45916706961557
"287",-2.66808649260871,4.04692254681537
"288",1.52535321227973,5.38443182865886
"289",0.547734591735582,3.52277516951379
"290",-2.83429849421877,3.81814130206748
"291",-3.08028688658587,10.1644360049463
"292",-1.17797363051812,5.65344650332748
"293",-4.30703544960136,4.63234310685262
"294",-1.06414772002227,5.00990305168782
"295",-2.09079159175993,5.52055889838545
"296",-1.21008513818041,2.91051539434048
"297",-1.10738872370388,5.88997057552373
"298",-0.429218553414158,6.2651183180196
"299",0.965377134102132,5.95396436033463
"300",-5.04760351035586,5.64935098839371
"301",0.886325200546926,3.33060004875238
"302",-1.82184384747124,3.95003197935956
"303",1.57468321599737,3.12122917292974
"304",-0.370465039278623,4.7191746191554
"305",1.45300409899967,4.18094786155293
"306",-2.25139429440906,3.30890629209191
"307",1.07691012093662,2.24520833708858
"308",0.237777166417281,3.35928234498472
"309",-1.62623784952471,9.21627769840539
"310",-1.64003463733013,5.62622599444991
"311",0.120897476319196,5.99397332555304
"312",-2.59004729058245,6.9215551715181
"313",-0.578074584664024,2.94208245320114
"314",-0.150417334780155,3.37261817420496
"315",-1.72902246050741,3.43374307345495
"316",-1.694570021386,5.09776042944643
"317",1.0324890390384,4.07458685897499
"318",2.67425538355108,2.32356634559051
"319",-0.0982855753959886,6.3481593105282
"320",-1.52239849501545,4.84309680416747
"321",0.0211732189883105,3.8584507089697
"322",-1.55878607038427,6.39614293535059
"323",-1.91835597864373,3.27564450203521
"324",-0.183302080329144,4.09466452718108
"325",-1.54260283056312,3.75375205439199
"326",-2.13557814474413,4.27125797945543
"327",-0.0439660253809642,5.13997137684076
"328",-1.69553249621632,4.3887312404683
"329",-1.27706497280549,5.14669855238378
"330",-1.05434435302511,2.35460515661088
"331",-0.541418640565758,4.24107201269289
"332",0.459450943123908,3.47366445945832
"333",0.480047396165169,3.46131783738203
"334",-2.75154387555672,5.46179892221811
"335",1.54382615874821,3.47062850655548
"336",1.89312186682404,3.43651795600547
"337",0.576494915044981,2.90176013507087
"338",-0.420900124270493,4.28721967336984
"339",-0.976284978342695,5.17132872234536
"340",-0.119356153234938,3.96716224583427
"341",-0.78513831085846,5.63496331045433
"342",-0.294779906142301,3.97655544742354
"343",-0.96421860129849,6.77772839399977
"344",-1.19791133203392,4.44612581117073
"345",1.52406848030511,3.14613286835987
"346",0.442987962009259,2.00744098903274
"347",-2.94836199060108,3.93087140207669
"348",-0.912700420901483,4.54334904414924
"349",0.212458434823483,3.83944790395557
"350",1.48800392096592,3.50304710580794
"351",-0.817993005998154,4.80628683279758
"352",-2.35442942604374,2.22151449819652
"353",-1.22471842370766,5.46310314521903
"354",-2.2812415373421,4.17059954627239
"355",-1.91615340933913,4.07146296985584
"356",-1.76751609929372,3.634120827001
"357",-3.26193286647151,7.26331062082421
"358",0.943590745474417,4.32910527311968
"359",-0.499890584348556,1.64786227421696
"360",-1.86997644985308,5.49809584039128
"361",-0.554094342083108,4.62910989804909
"362",0.688557665165681,4.14125855397818
"363",-2.80971465629031,6.73370277788035
"364",-1.95913007742506,4.58134616716763
"365",-1.53329655650684,4.59972633698421
"366",-1.71890277405068,3.12368459661736
"367",-0.0192416808411093,5.64073064299373
"368",-3.31372056037684,3.45593154920764
"369",-1.80563148816149,5.11872439121872
"370",-1.76360693352244,2.45105433799723
"371",-4.02021540229494,5.50580764369689
"372",0.492278380122737,2.09650086171983
"373",1.1527466787394,5.04529411125844
"374",1.93530833081754,3.75284445708547
"375",-1.98746223875671,5.38315298464665
"376",-1.19664865985726,3.42200888899483
"377",-0.568883687164019,2.61543349833713
"378",0.742866183276481,3.52276267458429
"379",-3.79433440068242,3.3430956258922
"380",0.639107058038404,2.4223886245917
"381",-0.623853809956772,3.10066620609187
"382",-1.60478430142624,4.10539277921591
"383",-3.34333359025816,4.0125028684338
"384",-0.347197132837246,3.11222924262785
"385",-2.40341630510345,3.14259570474632
"386",-1.13121414944916,5.21913109513894
"387",-2.72427085995417,5.91737754124851
"388",-0.0151460961592789,3.16130415661012
"389",0.161608864177933,3.98069871439187
"390",-1.76732873248417,5.10986907203948
"391",-1.34159599062103,2.79141245538208
"392",-0.408729785772118,2.08719125760221
"393",-2.14329821080814,5.39892253424503
"394",-2.05131692379855,2.87901198796875
"395",-1.46119775573746,3.7144737811917
"396",-1.01282005999134,4.47860779048751
"397",0.12484930836867,2.12569045977856
"398",-0.79336747820689,5.51881975224705
"399",2.12860708273855,2.39676217160662
"400",-0.500964673072521,4.94569354284517
"401",0.543444448442652,6.08726701282225
"402",-0.730346409378631,2.62808144531501
"403",2.24944011198264,2.32138694341745
"404",1.06169678126009,2.55502028841716
"405",-2.74934254052494,5.12802334525289
"406",0.774392723511864,2.58872595347612
"407",-1.78216252737218,3.06360105237348
"408",0.534913835889913,4.60934526473827
"409",-0.893841046057208,3.26104945504121
"410",-2.05972625865096,6.45163205985866
"411",-1.87190633285222,4.82179322812261
"412",-2.09775472330351,4.78518524936395
"413",2.11953961606534,3.57529889146909
"414",0.828843989371505,4.14755883628114
"415",0.686216111863802,3.53735875832017
"416",1.00039456895415,1.20743955106113
"417",0.512983252067495,4.05670002981117
"418",-0.758493427831712,6.38859322268362
"419",0.322824294180008,6.88979256719086
"420",1.06438096199292,3.27551364182346
"421",-0.847276638780024,4.11136269887115
"422",-0.452792218738752,3.29777540784467
"423",-1.2523660386027,4.18082293988759
"424",-2.09045823430329,6.15210845687894
"425",-0.548678894898364,3.42791451533579
"426",1.56847428358655,3.32188051532059
"427",-5.63928468078452,7.69297382028169
"428",-1.39631742103354,3.8075150636013
"429",-2.33099689937265,7.28615036773286
"430",-1.74544186140215,2.86128084557025
"431",1.97162928114754,3.63624952102051
"432",-1.40023007985902,5.13875443934781
"433",-2.8320770135015,5.50503248855764
"434",-0.941246975539701,2.36062933166642
"435",0.617237067245338,4.2330320066597
"436",2.89330911951146,2.49973847606283
"437",-1.65064369393663,5.94980298093909
"438",-1.05621367236119,5.41515052663477
"439",-0.685703583061317,1.68854487349002
"440",0.417595829620381,5.88884195423926
"441",0.331574610075362,4.38083323221193
"442",-4.12661898805815,4.66511430136106
"443",-2.51714520489592,6.20929717543252
"444",-1.25754147567187,4.85289867997054
"445",-1.22841952792471,2.32248734868294
"446",-3.32637783212191,8.87996099483426
"447",-2.69489959464484,5.1839434842652
"448",-1.50742720406455,7.0311307705977
"449",1.09420636731665,1.76093401976189
"450",1.53004938750231,2.23371136715954
"451",-0.093566367577929,4.36504856629736
"452",1.48327245076766,4.54229048589765
"453",-1.35286078551131,4.61355872500905
"454",-4.62149425786445,6.15252686346438
"455",-0.708005418523313,4.48858605132142
"456",1.62869783786826,1.58065442451858
"457",-1.5710559058348,5.00724615859379
"458",1.73952270641402,3.4832316149278
"459",-0.687195956064069,7.47086533824636
"460",0.676847418723855,3.16656578859037
"461",-0.242089564083312,3.68153194567893
"462",-0.863050873851937,3.16622239746387
"463",-0.625836744348598,3.75120206771881
"464",0.59503124713693,3.13697285640579
"465",1.49082484233868,2.75569300244465
"466",-2.10171511544267,6.36589150351677
"467",-1.92740605487365,4.7950008399371
"468",1.67714021420442,6.64779034147391
"469",0.465562375913362,3.535576414522
"470",-1.95055206902022,4.34532832205638
"471",-0.263650644310851,6.16050770415356
"472",-0.663054230434998,4.50058422475488
"473",1.60992116899325,2.11867079898061
"474",-0.027694560232931,3.2018930260681
"475",-0.464711659791239,3.76416100616734
"476",-0.26345106364228,3.78319049312433
"477",-0.034422853728739,4.23636611041526
"478",-0.974757520888258,3.22393201025704
"479",-1.17741436457008,3.50118159207433
"480",-0.153642261527225,2.78465000432082
"481",-0.704545045749614,4.89360370724943
"482",-1.45295506147653,5.00823394811331
"483",-1.2977536412434,6.49207501706854
"484",-2.81342443891332,5.51067055252971
"485",-3.05536380209396,5.06336590171299
"486",1.33902456836734,5.67336505655939
"487",-0.652610253084439,5.43058692506437
"488",-0.492793125604469,2.86262110942836
"489",-2.32266060333845,6.85348083422117
"490",-0.132596407009949,5.48584336336439
"491",-0.473550342207059,3.3522235885491
"492",-1.28589979839703,6.11518277169251
"493",-2.03469914978449,6.32064115809671
"494",-0.36016446844062,2.30218086850772
"495",0.920624314551915,2.86200137370271
"496",-0.0265421906499384,3.45329142814142
"497",1.46951346663191,3.74305532533326
"498",-1.84541875573247,3.50773451311357
"499",-1.42233306517638,5.46195899290361
"500",-3.21598829723354,8.840866582853
"501",-1.86299722577277,3.68582467093611
"502",1.51432164743315,2.79372739314727
"503",-2.9927750630323,8.68177776259235
"504",-2.93215414040735,4.94535847776951
"505",-1.18285414611255,3.69088168003905
"506",-1.71975571444976,3.31315600407582
"507",1.48568148043626,2.96762317321826
"508",4.35838881313837,1.47564231515002
"509",-1.94254981059989,4.97954352398375
"510",-0.7938612284639,4.32685660029711
"511",-0.545183399400931,4.88157695753136
"512",2.99397047554819,4.67415334945917
"513",-3.92566613879215,4.26391570729601
"514",-1.74583709655966,5.03798784935697
"515",-1.83359949184542,3.26518166684537
"516",-0.475012947574521,3.30620571892346
"517",-1.03610757534981,4.2918543199831
"518",-2.00076388396035,4.93731674508115
"519",2.49953778956373,3.18870020332445
"520",0.11084224429004,3.50540608360653
"521",3.03296592995504,3.70414993783892
"522",0.733037237101779,3.86346513178438
"523",-2.3353355610237,4.09182791499229
"524",-2.34949513038382,5.56779526981083
"525",-1.49801074143188,6.76829075372208
"526",-1.45995940503692,4.28537376974681
"527",-1.15032889073506,6.30274034807513
"528",0.872600935958276,3.32682645944505
"529",-0.0885448164197022,4.36820330295416
"530",-0.499509197851461,3.61827580419513
"531",-2.38457897082003,5.94895496527291
"532",-6.8618814886023,13.0770133674762
"533",0.565779042332053,2.83263829321897
"534",-0.133802678768655,5.87636459626272
"535",-1.10427176258593,4.98320440563608
"536",0.20311796437678,4.72531668189991
"537",1.5151909148771,6.27002354830238
"538",1.16103488583081,6.14760279663901
"539",-0.952638556515955,3.50547303833284
"540",-0.287576951850021,5.12148850532178
"541",-1.39394920463572,3.80174679418496
"542",0.418661352205353,4.11376429476665
"543",-0.891598125588433,4.61812036269843
"544",0.130668349922791,3.52379953545072
"545",-2.22663502809664,5.0236098202449
"546",0.788642882668891,4.83203782737329
"547",-0.0259860086624486,2.81387511678149
"548",-1.81305659866514,5.36486109278449
"549",-2.29528262337947,7.37384727811887
"550",0.124001496943606,2.96808425637979
"551",1.04492321984934,5.53990413049706
"552",-1.72493826982308,3.30827468293671
"553",3.02108480496496,3.91290780953625
"554",-3.07796844050985,6.96867915124551
"555",-0.524618143851203,4.54320234659667
"556",-2.79718008336978,2.77305730412063
"557",-1.53292185546931,4.21474979487826
"558",0.975737544734561,3.11829254279936
"559",0.355896337161106,3.71722221288117
"560",0.147486721177685,3.86630016631685
"561",-0.852759804773022,3.3853079641438
"562",-3.66114810671642,5.10788584399964
"563",-1.08036341119979,2.12632054712901
"564",-1.22180656402311,4.79355921415677
"565",0.488577575046989,3.78110029740031
"566",0.944668505344173,3.47931650437041
"567",-0.942737454630742,4.02877813527311
"568",-0.951935776559745,4.47521625396346
"569",-1.73930296751291,6.01799227141346
"570",-0.198148368412637,3.55990861128265
"571",0.974168940096971,5.39936440886281
"572",-2.34754784461694,5.63964226289015
"573",-0.0374573451973059,2.49575826027594
"574",-0.454195138002328,4.13106185698113
"575",-2.18523247386483,3.58527739532236
"576",-3.1506533116209,6.69624255170954
"577",-1.32694283238086,6.22031199226225
"578",-1.41241497119614,7.03276384743124
"579",1.77088314843923,2.68289577599038
"580",-0.521054361468941,2.72489336359134
"581",0.834398937442497,5.44345407889959
"582",-1.56933857282031,3.69334288970608
"583",-2.33468757232188,3.15440478380619
"584",-3.62908814910364,4.75401908368724
"585",1.86969791064056,2.38332992344432
"586",-0.0112694743908996,3.88484749797679
"587",-0.274791022570526,3.18069323394998
"588",-0.349472000572242,2.86847993313144
"589",1.63069617212953,4.22521561259007
"590",1.73258503505397,2.93218245434018
"591",-0.551809547347198,1.26461446935353
"592",-5.1365697347816,9.33874930438317
"593",0.629128983892634,4.81142234021207
"594",0.0714809621763409,4.44268771423972
"595",-0.852207686959569,3.25914289546186
"596",1.03046577347466,2.06040394613092
"597",-3.13578369250601,3.54900565107894
"598",-0.436696801053493,1.99208941826839
"599",0.432923806281344,3.36453856700737
"600",-1.24073176288244,5.27523826823979
"601",-4.1809656960805,7.7362056086682
"602",1.10795920391604,3.65568785501076
"603",0.350873977058829,5.58788062857071
"604",-1.34956511709108,3.04029605674834
"605",-1.19279540260756,4.86101196066834
"606",0.605127636811376,3.85623301046429
"607",1.00856348039182,3.42585581267897
"608",-0.682924772882223,2.87032545038635
"609",-1.13634799762585,2.78781008284712
"610",0.384143745815686,3.20773314917295
"611",-2.97751936750205,3.53572083562111
"612",-1.32826084749541,2.96929647066444
"613",0.281426344193777,4.62518212513619
"614",-2.43755269839522,3.05603577153448
"615",-2.68557711682946,4.97484363749212
"616",0.483324190978484,1.35230861288242
"617",-0.910417016660507,3.96644114903747
"618",-2.64898273775642,3.33677770485128
"619",0.940578747005215,2.55958343916565
"620",-2.59184006441585,5.29456531828009
"621",-0.210932581711072,2.97480697756232
"622",-1.2560700970214,4.95615003179007
"623",-0.0914938562424717,5.15335133892966
"624",-1.00387797748129,4.82113220457825
"625",-0.367670979548085,3.35534847261646
"626",1.47684776574216,4.72661835611695
"627",-1.08078335737241,6.21344428660536
"628",0.758745064385022,3.24614862905316
"629",0.44689448698268,3.4494271836673
"630",-0.301421109733442,5.21966910291445
"631",1.07585727454509,4.62631870579272
"632",0.611001916263419,1.61648120965938
"633",-0.638242193506495,4.96335079215461
"634",2.0173054784869,4.53635565010402
"635",-0.436802338361557,2.37442993386445
"636",2.53293782548376,1.58564916504368
"637",-1.62864024020143,4.54020404378992
"638",1.1831497572511,5.47070593027818
"639",-2.01352403758449,5.14261591446287
"640",-1.04755180817704,2.79171097925135
"641",1.71092096100419,2.5095473731428
"642",-0.216825040506574,6.16288860137842
"643",0.640233429210922,3.28000703926669
"644",-0.0158855326329883,3.80446491182155
"645",-1.30044760454459,6.2849780372472
"646",2.26238956167046,4.28696179250365
"647",-2.61419369157745,4.17656795974547
"648",-2.24986990148631,4.7099594096969
"649",-2.62245549876061,4.62695637754245
"650",0.828172071207924,4.06108274681343
"651",-0.0612739257329915,2.42776753859252
"652",-0.852373983916703,4.33702852472854
"653",1.83093378298878,4.38208581075768
"654",-0.874103791275886,3.11047345755042
"655",0.260411438232612,8.20050424148143
"656",-2.43513702693005,3.8837734258261
"657",-0.590167103578919,7.90773620106071
"658",-1.17511649510928,6.26415719847639
"659",-1.06092431659642,4.02272038175806
"660",-1.74068048434022,5.9925043829833
"661",1.51832323043562,3.75054580882266
"662",0.305642465751975,7.20780581322868
"663",-3.34157977079663,4.93573562851801
"664",4.83400341284439,3.00830996091124
"665",4.26527352230949,1.76097588506331
"666",-1.70545880819881,4.92508309003622
"667",-1.09571538991712,5.0093312528041
"668",-0.729947447517545,2.58309955608156
"669",-3.11639439873781,8.96974199587621
"670",0.877660989088318,3.33731652545736
"671",0.0840168187201451,3.12432055199943
"672",-0.62098984371294,4.78505748928812
"673",0.919726561332995,5.34324641308137
"674",-3.01252425429583,2.79156712440046
"675",-2.60249601112713,6.81498117671503
"676",-0.0835791633510096,3.5756320540238
"677",-1.78787977309931,4.36081646220326
"678",1.68234739018594,2.63617091209597
"679",-0.536528759590509,2.81297727677561
"680",-1.29302790018856,4.37215101204349
"681",1.42424262923551,3.51454796979092
"682",0.735805160337171,3.8881296655878
"683",-0.146524555704024,2.8679153639651
"684",-0.715639929433293,3.50424269416432
"685",-2.2948363704568,3.49364275304126
"686",-1.01503211956737,3.05784560652156
"687",3.15726240533081,4.03511544528255
"688",0.141405645832748,2.61136306889921
"689",0.223614100905807,5.13651703935395
"690",0.356336834122968,1.76540657882767
"691",0.315834329067526,4.09317492245724
"692",-1.98214217528084,6.81515041381879
"693",0.823860717494286,5.21003242049773
"694",-1.32947127202632,4.23445212610114
"695",-3.07152135827654,4.30909057763046
"696",-4.80292675309452,15.1473358028795
"697",-1.2803680197061,4.88832267040054
"698",1.52332451814876,4.09249265903345
"699",-0.763396056660404,4.87858697595979
"700",2.01567801652821,3.08044400199255
"701",0.311375803289014,3.36783982551016
"702",-0.106728881438982,2.22626462898071
"703",0.361258351976122,4.32978608008343
"704",-1.26155734104065,4.22419225101409
"705",2.66719591892434,2.4308268704965
"706",-0.574544011148846,4.56369023147899
"707",-3.22153809877963,3.70177333655876
"708",-0.441971850994422,2.54844503992337
"709",-2.62774348814777,3.63844194089688
"710",-4.36411209444902,5.56690495380528
"711",-0.126012394381511,3.41949214351885
"712",-0.170023903982113,5.17247440585516
"713",-1.1689347216486,3.18422897788514
"714",-2.5269189215287,4.29530416333762
"715",-2.61072418921644,6.51864828304094
"716",-3.88370698283367,6.38186622774675
"717",0.0890236067225924,4.81034213270254
"718",-0.194788920267601,5.01451772343174
"719",-2.99443038342386,4.47669498931334
"720",-1.470612341835,4.17609138789394
"721",1.28564861912549,3.39067705743417
"722",0.283064021723059,1.95852865678785
"723",-0.582207497612092,4.19133000358803
"724",0.925130197061059,2.32987317291244
"725",-1.72399350327823,8.22094185116683
"726",0.712038598755495,4.98769361505136
"727",1.05094888859823,3.08324706702985
"728",-2.60770873827932,4.31906942640064
"729",-1.43611842231426,4.84713869832869
"730",-0.0636157655253896,3.98226079633237
"731",-4.37397931218657,11.4394341439967
"732",-3.59988405663398,4.03615792260562
"733",-0.190792554340375,1.23731285683713
"734",0.69328583685843,4.48301232212783
"735",-0.813110130959806,5.07324514209394
"736",-2.85982159529777,4.55461330601795
"737",0.212176309493356,3.18637891965645
"738",-1.11930461320513,4.78971670428925
"739",0.57949608122732,3.74129755693887
"740",0.901247308459244,7.15575287214136
"741",-3.59430433396342,5.90099561882234
"742",-1.69858625733343,4.96863714934824
"743",-1.21446826079937,5.03645565722476
"744",-4.38574697614088,5.72939378517787
"745",-1.41232347767699,5.7363434719458
"746",-0.439892741217126,2.20205008604313
"747",1.7285914468464,5.86605661711553
"748",-4.28670117831626,3.32011928392064
"749",1.28271412831116,4.64389686315719
"750",0.644569275028936,4.56198576245297
"751",-0.172793577908355,5.42474026020864
"752",-1.05799829806303,5.53124361858694
"753",-2.38267116618136,5.75489549712957
"754",0.485831657586749,5.15553452876835
"755",-1.64869203794722,3.79211305148343
"756",0.563316985008466,3.83844920086157
"757",-0.2758162346092,4.69046806244803
"758",0.776274589622232,4.49151212824068
"759",-0.186169253510092,1.68505039902759
"760",-0.986186463122599,3.32909176013303
"761",0.423818589647697,3.00676436754119
"762",0.0163339367572591,3.83194031197449
"763",0.870373935948737,5.14550634191912
"764",1.1323220192241,2.10827287113525
"765",-0.380763514049059,4.17119652413831
"766",0.467401135167584,4.44848655204468
"767",-2.24476336765667,5.95197164398592
"768",0.978053291598145,4.13528477482478
"769",-1.90721790529045,3.92225140203731
"770",-0.474548981798319,4.9055231609493
"771",-2.02322492857538,2.21876100159039
"772",0.07421450822602,3.54863475033329
"773",-3.0732086076583,4.71154776459251
"774",-0.0426234989065473,2.43050870050277
"775",-3.56618237868248,5.16153009186396
"776",-2.35711833340907,5.90511859040697
"777",-1.99046692240978,4.785602303431
"778",0.949786552459174,2.66956657171448
"779",-2.53702586716964,6.42756171168984
"780",-2.02825218000299,4.88258912592261
"781",0.999193276874903,4.45658155096845
"782",1.69484719843843,4.33143246566335
"783",0.362432849296413,5.36796388048533
"784",-1.99482740801493,2.77178406491333
"785",1.38065298134202,3.84961424501922
"786",-1.66624574233687,2.85766249582378
"787",-1.33108906595892,5.45866990969129
"788",0.679083716327489,3.71919407158711
"789",-0.627916683850721,3.65086934789353
"790",-0.286491285884655,3.14760748665005
"791",-0.40563939418845,4.16591384369388
"792",0.252720211676701,3.70472481191294
"793",-0.506621497570552,5.17671841361467
"794",-2.54307769557684,3.20326839360644
"795",-0.680263814604166,3.86371939957956
"796",-1.59312390045046,6.99754966035602
"797",0.402560058389869,3.86574495581387
"798",-0.325532298890064,2.75343416173739
"799",-1.72997708671986,4.47255521438831
"800",-3.10819609027606,5.34826974704604
"801",-1.54161903396096,4.02185987636543
"802",-0.34697725948292,3.35023012294464
"803",-1.82207001463909,4.84750601084238
"804",0.189566977699187,4.30293925884134
"805",-0.917723536387024,5.87489752262288
"806",-2.40582272933478,3.26144603338117
"807",0.214277629675881,3.46899473802158
"808",-3.27886808332458,11.0899083155541
"809",-1.21394275804083,4.68874116937918
"810",0.193976713068277,2.53710524202696
"811",0.19776159571543,1.38192225682683
"812",-0.293831563353014,2.75784010536744
"813",-1.75990823989592,3.67147687349513
"814",-0.592344780460131,5.38735826938998
"815",-3.89936103411743,7.33441759563398
"816",-1.45172246591296,4.23335868449479
"817",-1.69004141408421,3.79592413121637
"818",-2.31601539458129,5.16870350245422
"819",-0.194472105891546,2.34651144321277
"820",-1.22275907194801,4.07301676502793
"821",-0.869055195509098,2.75831922565141
"822",-1.43043038631545,5.14404146464079
"823",-2.09174394443839,2.70072050424027
"824",-0.345672060247895,4.00540805108064
"825",-0.108716146744063,5.00456310814838
"826",-2.57955458880268,4.52995803333031
"827",-2.97162988826673,4.94640764842411
"828",3.56972885937493,2.17358344984168
"829",-0.139821457942141,3.95707169237209
"830",-0.847543002914896,4.84553832313198
"831",-1.95330690418783,6.34514993655728
"832",0.671753072974201,3.04991214455099
"833",-2.42714958741485,7.95963280218012
"834",-2.03191261791131,5.5197530620537
"835",-1.21809805252681,4.21296906628493
"836",-1.24244890013959,4.51054791282514
"837",-0.105257700991137,2.30635381202833
"838",-0.923727070829224,2.72132865793561
"839",-0.451168071628887,6.94035402688928
"840",-0.774797186676449,4.81496350332235
"841",-1.18298150501388,3.17939982026167
"842",-1.96164068017374,8.59558531974745
"843",0.0726863714249869,3.84522298610185
"844",-1.24631641246097,5.103499005693
"845",-0.232753284296529,4.59937171514809
"846",-1.36876375224009,3.17390056891749
"847",-0.953160453278642,4.34391574271935
"848",-1.86444835238538,3.90286043723387
"849",-3.24877201783138,6.14922249238148
"850",-1.00291247899588,4.0684880267136
"851",-0.694184324936513,4.86361455535433
"852",-2.80234602068348,6.02232243333843
"853",-0.951784225767898,4.40842929308873
"854",-2.29602134063173,2.41475922256238
"855",-1.69661647878169,5.12966919655664
"856",1.12287329740031,4.06540047908737
"857",-1.12795515667747,1.99921435649361
"858",-2.02170252061018,3.66928375774202
"859",-1.13571751062696,4.6495729083262
"860",-1.03630055417867,6.58487831233474
"861",1.17380342327244,4.1486378463601
"862",3.0231120932098,4.45968807240717
"863",1.20019173587366,2.86488468684912
"864",0.778114411502335,3.3429285445062
"865",2.51419430724954,3.70744696513719
"866",-5.36489030135122,12.8786381391427
"867",0.215494594092223,1.9655675662207
"868",-0.512048297223811,4.7404527555
"869",-2.22461232511671,3.43260910467869
"870",-3.88057371801248,5.56974861405901
"871",2.55403757913151,3.00229691597001
"872",-1.70038697867822,4.77444040262651
"873",-0.564897089313065,2.83471154337064
"874",-3.34818753140324,6.88787204060882
"875",-1.15094599109491,5.70939082253254
"876",0.692119361849295,3.28775916449515
"877",-0.637964265196393,3.62931830416983
"878",-1.1598633509306,5.36131785595168
"879",-0.578066486365361,6.8470784996065
"880",-0.555467908541411,4.08047909597565
"881",-2.37636089832887,6.16500269365309
"882",-0.311348199536506,3.45126520067663
"883",-2.08478239326884,4.78710610148718
"884",-0.795048502035474,4.8782800235254
"885",-2.96431155247478,6.38890546105537
"886",1.15250824603387,4.63760004722672
"887",-3.78534322029094,3.53773478310097
"888",0.324297292822182,3.48643663308414
"889",-1.21558857334311,4.05082771164904
"890",1.78905771715412,5.04239015556971
"891",-0.435510099691338,3.20785747226564
"892",-0.404057518877921,5.17095689762559
"893",0.761693399519725,2.57091459785882
"894",-1.33165023220538,6.36382382503015
"895",0.029096527384622,4.40727114140558
"896",2.94177111730179,2.76599694965474
"897",0.788400469562152,4.04659017621554
"898",0.225623729730269,3.10432393117999
"899",1.40175552544102,5.26012648341883
"900",0.520434733946764,3.60866286500628
"901",1.00339256358362,2.8326360646657
"902",1.85049399527549,2.82048905292837
"903",-0.939235093795888,5.33414853860299
"904",0.124333172135867,4.80333120619792
"905",-2.01863939096355,6.26093148775554
"906",0.139658991281807,3.07377173094944
"907",-1.21334769375285,5.53882166993489
"908",-1.67501733071291,4.54059638547321
"909",1.9717932852808,4.81128178331176
"910",-1.02965878916367,3.47851644826042
"911",-2.64000287986925,7.27370962416754
"912",1.15661443429874,4.43278920277508
"913",-0.382434539683717,3.70654060684346
"914",2.39114955190366,1.52166136798758
"915",-2.07480991535868,5.43175447551416
"916",-1.14379274923639,5.25126380096652
"917",-1.41129271308138,5.11282875262233
"918",-0.830064925005555,1.91906254252338
"919",-1.56512088348941,5.27234601081582
"920",-2.82769723758458,6.80201912338531
"921",0.189755663794829,5.04571594433164
"922",-0.858999535915936,3.89497321275201
"923",-0.530418014250206,3.826695424431
"924",-2.33599031874879,5.3304822532913
"925",-2.666978795839,8.94263229636637
"926",-3.85363378027597,6.14802304532117
"927",-5.36780235886499,5.39210734853986
"928",1.87302216336444,4.57169945197159
"929",-0.312372075784938,5.76660367709158
"930",-0.786067490611723,6.3674186666531
"931",-3.99241835650038,4.65903606928452
"932",0.906996463232531,3.10121743509008
"933",0.230670654180682,4.00891547437176
"934",-0.0949824156447452,2.97032320582059
"935",0.222552566038285,4.88845688318032
"936",1.17533649606711,3.81877484946574
"937",-0.969133015761053,4.59273519392512
"938",1.36517955324957,5.77188505072558
"939",1.26458872957962,3.26633440919337
"940",0.749584094977619,4.96391663361619
"941",-1.05275136542574,4.21421552157353
"942",-0.817149520158327,4.26342759868949
"943",-1.08598258455238,2.56249953534072
"944",-0.133267813432349,4.41874939802038
"945",-0.397551039790611,4.5418391818262
"946",-0.433732678905709,4.12565423782325
"947",-1.36574879655249,3.80622280582734
"948",-1.69507779447836,5.73404677681456
"949",3.00002776891008,2.61468847420447
"950",-1.18611017973525,2.74416083062235
"951",-0.966348523887203,3.78410041871998
"952",-2.23055828121996,3.49160985948494
"953",-2.10364317065149,3.69797459211017
"954",-0.746059358863187,3.68102424355379
"955",-2.08491346204581,6.06309930614831
"956",-0.96380719279185,3.18275326800994
"957",-1.66449680364103,4.14023137186877
"958",-1.06588291659848,4.57562091010903
"959",1.93830879018385,2.33087688381354
"960",-2.43192231103383,6.85183004365767
"961",-2.60104555593246,4.57264249741423
"962",-2.93820796462642,5.85268080764425
"963",-3.34679426222249,4.02443726639093
"964",-3.58063362263707,5.32319648219144
"965",-2.38642158173911,5.65881964496868
"966",-2.11922943339742,4.47673889121796
"967",-2.25532776643976,4.26071891461371
"968",2.75832611081597,3.10977848652619
"969",1.47205311176284,5.00884042976493
"970",2.96057400796866,4.33209680886778
"971",-0.0692943904349086,5.33485085104358
"972",0.225362444421479,2.09319535310782
"973",-1.35488796309268,2.75898907981969
"974",-1.25009343457209,2.38674971531265
"975",-1.16335789254825,3.92134403449043
"976",1.53388705644729,3.55408600969597
"977",0.978521160882161,2.92802109460048
"978",0.895632434626373,3.72462161617936
"979",-2.04833266695344,6.56740601207541
"980",-2.27098232795541,3.14761748158771
"981",-1.09434868930917,6.11190354906933
"982",-0.290507637907835,2.97400095273318
"983",-0.485515351774783,3.11130678281646
"984",1.9292111499159,5.31935250449738
"985",-0.374402147816718,6.20866271124411
"986",-1.76204674463346,5.8780631872974
"987",-3.16037936565758,3.93699924783438
"988",-1.54366225719341,5.27658000351462
"989",0.500476021752492,4.80029084215447
"990",-1.62067163165461,7.295840271777
"991",-0.94499722256529,5.65963030566896
"992",1.83420080226238,2.28756959228483
"993",-1.3684124322777,5.25879243236398
"994",-0.529876663934323,3.0816774999534
"995",-1.36867191768642,5.01901913413661
"996",0.797367752512266,3.48278078248205
"997",-2.64408131728423,7.52633107494928
"998",1.43527133217401,2.27991370990213
"999",-2.00947095908192,3.54511405500101
"1000",-2.41587921661578,4.23664364943855
