"Date","Y1","Y10","Y11","Y12","Y2","Y24","Y3","Y36","Y4","Y48","Y5","Y6","Y60","Y7","Y8","Y9"
1964-01-01,3.4188,3.7416,3.7416,3.789,3.4548,3.893,3.552,3.939,3.5676,3.943,3.63,3.6816,3.984,3.6564,3.6876,3.7248
1964-02-01,3.5004,3.8412,3.9048,3.947,3.5832,3.981,3.654,4.025,3.6816,4.01,3.7992,3.8064,4.023,3.8172,3.8292,3.8448
1964-03-01,3.5268,3.8676,3.8724,3.91,3.5316,4.076,3.588,4.125,3.66,4.145,3.738,3.7956,4.073,3.8016,3.8076,3.8136
1964-04-01,3.3132,3.762,3.7836,3.783,3.45,3.978,3.5016,4.047,3.522,4.082,3.63,3.6516,4.077,3.6924,3.7188,3.7464
1964-05-01,3.2628,3.7524,3.8052,3.832,3.4404,3.918,3.5124,3.964,3.522,4.021,3.6,3.6048,3.979,3.6204,3.7092,3.7248
1964-06-01,3.4092,3.7668,3.7836,3.78,3.4764,3.779,3.5316,3.894,3.5532,3.972,3.5376,3.5892,3.977,3.6,3.6672,3.7044
1964-07-01,3.2568,3.7104,3.7056,3.759,3.4608,3.664,3.5064,3.868,3.5268,3.97,3.5316,3.5892,4.006,3.6144,3.636,3.7044
1964-08-01,3.3696,3.7356,3.7836,3.813,3.4956,3.734,3.4956,3.902,3.4956,3.991,3.6144,3.6456,4.022,3.6816,3.7392,3.756
1964-09-01,3.522,3.846,3.852,3.897,3.522,3.797,3.6036,3.939,3.666,3.995,3.6804,3.7956,3.991,3.7908,3.8016,3.8076
1964-10-01,3.4248,3.8568,3.8736,3.906,3.4704,3.862,3.588,3.973,3.6552,3.999,3.7488,3.7644,4.005,3.7704,3.8016,3.8448
1964-11-01,3.5724,4.134,4.152,4.214,3.7764,4.028,3.8532,4.094,3.9732,4.081,4.0152,4.0428,4.069,4.0392,4.104,4.122
1964-12-01,3.4248,4.0296,4.02,4.05,3.7092,3.933,3.8796,3.975,3.9264,3.999,3.9384,4.002,4.076,3.9924,4.0152,4.0224
1965-01-01,3.882,4.0188,4.0308,4.077,3.894,3.928,3.9,3.94,3.948,3.974,4.0164,4.0284,4.078,4.0296,4.0368,4.0428
1965-02-01,3.888,4.1028,4.158,4.204,3.9756,4.034,4.0332,3.997,4.0716,4.002,4.0884,4.0392,4.121,4.0764,4.0896,4.0956
1965-03-01,3.786,4.098,4.1148,4.14,3.9084,4.026,3.9924,4.024,4.0344,4.003,4.0164,4.08,4.101,4.0248,4.0308,4.0536
1965-04-01,3.8568,4.0656,4.0836,4.098,3.9348,4.024,3.9924,4.039,3.9888,4.019,4.0164,4.0284,4.117,3.9828,4.026,4.0488
1965-05-01,3.8676,4.0344,4.0632,4.077,3.9252,4.03,3.9216,4.036,3.9588,4.017,3.9852,3.9564,4.12,3.9732,4.0056,4.0284
1965-06-01,3.7812,3.9612,3.9624,3.976,3.7812,3.932,3.864,4.004,3.8808,4.017,3.9084,3.8364,4.094,3.864,3.8904,3.9132
1965-07-01,3.7656,3.9924,3.9996,4.018,3.822,3.999,3.864,4.048,3.9072,4.112,3.882,3.9096,4.121,3.9204,3.9276,3.9852
1965-08-01,3.78,4.1184,4.1412,4.172,3.8736,4.087,3.8796,4.145,3.9012,4.165,3.9696,4.0848,4.154,3.9564,4.0776,4.0956
1965-09-01,3.984,4.3128,4.32,4.346,3.9396,4.246,4.044,4.264,4.128,4.268,4.254,4.2816,4.248,4.2888,4.2972,4.3044
1965-10-01,3.8472,4.3128,4.278,4.352,3.93,4.255,4.08,4.282,4.2048,4.343,4.2324,4.2552,4.32,4.2684,4.266,4.3044
1965-11-01,3.786,4.3488,4.3836,4.436,4.0416,4.291,4.1976,4.398,4.2348,4.432,4.278,4.3536,4.395,4.32,4.3536,4.3572
1965-12-01,4.2636,4.8072,4.8108,4.886,4.5168,4.808,4.56,4.89,4.6248,4.878,4.7328,4.7736,4.77,4.7676,4.7664,4.7604
1966-01-01,4.5276,4.8072,4.848,4.92,4.6128,4.824,4.6776,4.901,4.7448,4.905,4.7844,4.758,4.826,4.7676,4.7508,4.7976
1966-02-01,4.4568,4.8768,5.0196,4.98,4.6896,4.9,4.7004,4.945,4.7544,4.994,4.8264,4.8468,4.952,4.7784,4.8192,4.8768
1966-03-01,4.416,4.824,4.8588,4.93,4.5216,4.726,4.5912,4.74,4.6416,4.779,4.7028,4.7268,4.727,4.7316,4.746,4.782
1966-04-01,4.6404,4.8708,4.9176,4.99,4.6548,4.832,4.6896,4.858,4.704,4.84,4.698,4.7172,4.797,4.7364,4.7148,4.8456
1966-05-01,4.4568,4.986,5.0388,5.09,4.6236,5.004,4.674,4.985,4.6932,4.998,4.7388,4.9092,4.884,4.7316,4.872,4.9656
1966-06-01,4.518,5.082,5.0712,5.106,4.5168,5.078,4.5348,5.12,4.626,5.113,4.7124,4.7172,5.007,4.8204,4.9128,4.9812
1966-07-01,4.5444,5.1408,5.1672,5.246,4.6548,5.19,4.7976,5.21,4.848,5.225,4.8276,5.0184,5.18,5.0388,5.076,5.124
1966-08-01,4.7208,5.76,5.838,5.931,4.9608,5.84,5.1456,5.766,5.058,5.8,5.37,5.7156,5.56,5.6136,5.7312,5.6976
1966-09-01,5.154,5.9352,5.9508,6,5.3652,5.391,5.418,5.387,5.5848,5.318,5.748,5.736,5.147,5.8644,5.8848,5.9628
1966-10-01,4.7316,5.6328,5.5716,5.7,4.7052,5.284,5.3052,5.234,5.4864,5.21,5.514,5.5992,5.116,5.6652,5.6736,5.73
1966-11-01,4.2636,5.4312,5.4492,5.438,5.0376,5.354,5.2476,5.334,5.3268,5.308,5.3592,5.3772,5.195,5.3676,5.4216,5.4612
1966-12-01,4.4676,5.0292,4.9596,5.013,4.854,4.79,4.8936,4.876,5.0532,4.733,5.028,5.0328,4.684,5.0652,5.076,5.0868
1967-01-01,4.5432,4.6272,4.5888,4.611,4.602,4.493,4.5852,4.565,4.62,4.627,4.6188,4.6032,4.551,4.6056,4.6152,4.6296
1967-02-01,4.4724,4.6704,4.6752,4.66,4.5984,4.634,4.6128,4.729,4.6008,4.718,4.6512,4.6392,4.685,4.6632,4.6728,4.6764
1967-03-01,4.0596,4.092,4.1364,4.14,4.0668,4.126,4.0632,4.235,4.1484,4.33,4.1556,4.1364,4.365,4.134,4.1352,4.116
1967-04-01,3.5016,3.9828,3.9948,4.03,3.6192,4.337,3.7836,4.502,3.8148,4.612,3.8616,3.9048,4.631,3.9216,3.9696,4.008
1967-05-01,3.2472,3.9612,3.9672,3.961,3.42,4.321,3.5064,4.516,3.5424,4.595,3.7176,3.8112,4.679,3.786,3.9324,3.954
1967-06-01,3.8832,4.9392,4.9344,5.061,3.9144,4.921,3.9972,5.051,4.158,5.174,4.4388,4.458,5.253,4.6224,4.8396,5.034
1967-07-01,3.8064,4.9968,5.0028,5.096,3.888,4.87,4.1976,4.952,4.2348,4.976,4.2684,4.7064,5.02,4.8252,4.9452,5.0604
1967-08-01,3.8568,5.1552,5.172,5.259,4.2156,5.148,4.4484,5.212,4.338,5.181,4.7184,4.9392,5.186,5.07,5.1432,5.1492
1967-09-01,4.152,5.2572,5.2896,5.358,4.4244,5.19,4.464,5.28,4.7712,5.29,5.0436,5.1276,5.215,5.2164,5.244,5.3184
1967-10-01,4.146,5.4372,5.4432,5.518,4.2408,5.559,4.5756,5.53,4.7748,5.524,4.9656,5.1792,5.563,5.2944,5.3856,5.4552
1967-11-01,4.188,5.6856,5.7156,5.821,4.5264,5.567,5.0328,5.593,5.0484,5.556,5.4528,5.6688,5.604,5.6448,5.6688,5.784
1967-12-01,4.3404,5.7828,5.7756,5.944,4.8588,5.701,5.0892,5.709,5.4108,5.689,5.4948,5.6532,5.589,5.6988,5.7492,5.8896
1968-01-01,4.7052,5.3412,5.3484,5.47,4.812,5.313,4.9608,5.403,5.0172,5.436,5.0688,5.1324,5.392,5.2164,5.2752,5.3664
1968-02-01,4.6704,5.3316,5.3964,5.529,5.0376,5.367,5.1048,5.578,5.136,5.506,5.3028,5.2884,5.385,5.2848,5.3436,5.424
1968-03-01,5.028,5.5332,5.5776,5.686,5.166,5.504,5.1816,5.685,5.3172,5.715,5.3496,5.3568,5.54,5.4576,5.5284,5.61
1968-04-01,5.4852,5.7708,5.6892,5.91,5.4312,5.62,5.6076,5.855,5.6208,5.867,5.562,5.7936,5.684,5.6928,5.6964,5.8632
1968-05-01,5.3832,5.9304,5.9928,6.057,5.718,5.785,5.7312,5.787,5.802,5.81,5.91,5.8608,5.637,5.8764,5.9652,6.0216
1968-06-01,5.2572,5.8032,5.8128,5.9,5.3556,5.528,5.3928,5.552,5.5188,5.539,5.562,5.5284,5.374,5.6988,5.7492,5.8536
1968-07-01,5.256,5.3784,5.3532,5.395,5.088,5.321,5.2584,5.102,5.2848,5.121,5.214,5.3664,5.089,5.394,5.4276,5.4396
1968-08-01,4.9356,5.3244,5.3484,5.362,5.1852,5.13,5.1708,5.117,5.1468,5.111,5.2776,5.34,5.168,5.3472,5.4108,5.4132
1968-09-01,5.1588,5.4096,5.412,5.373,5.1696,5.334,5.1552,5.196,5.3172,5.134,5.3688,5.4072,5.185,5.4252,5.4432,5.4336
1968-10-01,5.4084,5.6532,5.6352,5.625,5.1144,5.445,5.5404,5.282,5.5944,5.222,5.6124,5.6472,5.318,5.6232,5.6364,5.682
1968-11-01,4.8336,5.76,5.7588,5.815,5.2836,5.559,5.5452,5.375,5.5896,5.366,5.6652,5.7,5.488,5.7972,5.8224,5.8788
1968-12-01,6.096,6.5064,6.5244,6.487,6.228,6.294,6.2448,6.056,6.39,6.258,6.4548,6.4608,6.329,6.5052,6.54,6.5736
1969-01-01,5.9208,6.3888,6.2832,6.096,5.9568,6.139,6.306,5.989,6.3636,5.82,6.3132,6.4872,6.058,6.432,6.3648,6.4776
1969-02-01,5.6376,6.2568,6.5532,6.652,6.1272,6.296,6.3684,6.358,6.3444,6.169,6.4812,6.5568,6.288,6.3492,6.546,6.6072
1969-03-01,5.664,6.306,6.3756,6.489,6.036,5.996,5.9532,6.149,6.144,6.115,6.192,6.1188,6.273,6.1872,6.2304,6.2844
1969-04-01,6.1212,6.144,6.096,6.179,5.9472,6.073,5.9724,6.107,6.06,5.949,6.0648,6.0756,6.202,6.102,6.0912,6.1656
1969-05-01,5.8416,6.3576,6.4716,6.48,5.9688,6.465,6.1692,6.507,6.1128,6.372,6.2328,6.3324,6.528,6.2976,6.4944,6.6384
1969-06-01,6.4776,7.392,7.4328,7.355,6.3672,7.011,6.3948,7.022,6.666,6.796,6.9768,6.9348,6.848,7.0608,7.3032,7.632
1969-07-01,6.9108,7.4736,7.3344,7.338,6.408,7.257,7.0548,7.113,7.2048,6.843,6.9396,7.2132,6.776,7.296,7.3944,7.6524
1969-08-01,6.6564,7.4148,7.5528,7.637,6.9624,7.285,7.0656,7.186,7.0188,7.015,7.1088,7.254,6.953,7.362,7.4856,7.5684
1969-09-01,6.942,7.6896,7.7472,7.799,7.2132,7.813,7.0704,7.769,7.1688,7.83,7.278,7.4316,7.861,7.4976,7.6068,7.7496
1969-10-01,6.6816,7.506,7.4268,7.369,6.7152,7.223,7.044,7.195,7.146,7.227,7.2516,7.5156,7.118,7.4184,7.5048,7.5888
1969-11-01,6.4428,7.9776,8.0004,7.883,7.158,7.458,7.488,7.514,7.6212,7.467,7.9908,7.86,7.416,7.9548,8.0148,8.0208
1969-12-01,6.7836,8.1768,8.0904,8.024,7.7856,8.112,7.9716,8.157,8.1336,8.19,8.1096,8.2548,7.968,8.1336,8.136,8.1528
1970-01-01,7.4196,7.998,7.8624,8,7.704,7.985,8.0136,8.059,7.968,8.082,8.028,7.9272,8.061,7.9968,8.0292,8.1
1970-02-01,6.3,6.9264,6.9588,6.919,6.9516,7.019,6.9264,7.025,6.984,7.158,6.9672,6.9828,7.14,6.9552,6.9816,6.9588
1970-03-01,6.4104,6.6036,6.6648,6.606,6.342,6.907,6.4932,6.858,6.4116,7.13,6.4608,6.6516,7.047,6.5748,6.5928,6.4572
1970-04-01,6.5088,7.4736,7.4976,7.487,6.8448,7.575,6.9768,7.73,7.1016,7.81,7.3692,7.2336,7.736,7.2876,7.326,7.4352
1970-05-01,6.4236,7.356,7.3788,7.435,6.588,7.738,6.942,7.6,7.1856,7.67,6.9732,6.93,7.601,7.2312,7.3596,7.4244
1970-06-01,5.9076,7.1712,7.1832,7.187,6.3372,7.449,6.5964,7.565,6.5784,7.623,6.6636,6.6672,7.538,6.8292,7.0596,7.1292
1970-07-01,5.892,6.7908,6.7884,6.806,6.4188,7.182,6.312,7.313,6.3084,7.48,6.3516,6.5052,7.368,6.5208,6.8208,6.8616
1970-08-01,6.2688,6.774,6.756,6.796,6.2748,7.008,6.3012,7.187,6.2568,7.359,6.4608,6.5556,7.25,6.732,6.7716,6.8556
1970-09-01,5.8152,6.6408,6.66,6.59,5.6868,6.551,5.9208,6.824,6.102,6.973,6.4704,6.5772,7.046,6.5688,6.582,6.5472
1970-10-01,5.2704,6.3624,6.3156,6.32,5.5896,6.506,5.8656,6.7,5.9508,6.847,6.2004,6.2052,6.872,6.2796,6.3228,6.3456
1970-11-01,4.4472,5.1084,5.13,5.096,4.8948,5.31,4.9656,5.632,5.0796,5.82,5.0796,5.0544,5.901,5.064,5.1072,5.0868
1970-12-01,4.4364,5.0028,5.0076,4.883,4.7352,5.399,4.9092,5.765,4.8984,5.809,4.9188,4.95,5.918,4.9704,5.0076,4.944
1971-01-01,4.0596,4.2708,4.2576,4.31,4.1592,4.643,4.1712,5.234,4.1784,5.6,4.2372,4.2756,5.651,4.2732,4.266,4.2996
1971-02-01,3.2832,3.7104,3.7476,3.772,3.3384,4.28,3.4044,4.835,3.5268,5.152,3.5892,3.5952,5.302,3.672,3.7356,3.7416
1971-03-01,3.4044,3.7572,3.768,3.756,3.486,4.144,3.6288,4.51,3.5988,4.814,3.6456,3.744,4.976,3.6876,3.6984,3.7152
1971-04-01,3.6744,4.5384,4.5636,4.549,3.96,5.214,3.9672,5.704,4.0248,5.795,4.2276,4.2456,5.971,4.2996,4.428,4.5252
1971-05-01,4.188,4.8036,4.8288,4.889,4.3224,5.41,4.3464,5.845,4.3596,5.837,4.3932,4.4016,6.204,4.4724,4.6008,4.7616
1971-06-01,5.016,5.8728,5.946,6.056,4.9656,6.262,5.2836,6.672,5.1,6.609,5.0952,5.2836,6.78,5.5464,5.7696,5.9004
1971-07-01,5.058,6.0216,6.0204,6.11,5.2932,6.311,5.3568,6.727,5.3172,6.823,5.4636,5.7684,6.889,5.8656,5.9544,6.0324
1971-08-01,4.4052,5.1396,5.2464,5.267,4.4496,5.444,4.3704,5.707,4.4352,5.798,4.5324,4.8468,6.02,4.9608,5.1228,5.1756
1971-09-01,4.5276,5.2512,5.2848,5.268,4.434,5.394,4.6272,5.647,4.6776,5.766,4.9668,4.9656,5.961,5.0592,5.1864,5.1864
1971-10-01,3.9888,4.5756,4.5852,4.586,4.1904,4.957,4.362,5.205,4.4616,5.427,4.4388,4.4892,5.657,4.4976,4.5372,4.5672
1971-11-01,3.7548,4.7232,4.7436,4.739,4.2,5.057,4.3872,5.281,4.3176,5.494,4.4484,4.5048,5.72,4.4964,4.704,4.6932
1971-12-01,3.3492,4.176,4.2048,4.179,3.6384,4.826,3.726,5.076,3.8448,5.2,4.0572,4.0224,5.425,4.05,4.1196,4.1472
1972-01-01,3.1248,3.8928,3.8784,4.124,3.21,4.802,3.3372,5.328,3.4956,5.476,3.5832,3.7128,5.715,3.8328,3.9528,3.9912
1972-02-01,3.1152,3.9408,4.2312,4.288,3.2616,4.766,3.4908,5.242,3.4548,5.438,3.6864,3.8268,5.661,3.8532,3.9324,3.9804
1972-03-01,3.4812,4.776,4.8492,4.934,3.7104,5.524,3.8076,5.776,4.05,5.871,4.3464,4.3848,5.995,4.4556,4.506,4.6716
1972-04-01,3.288,4.4496,4.4796,4.51,3.3744,5.108,3.6036,5.524,3.7836,5.64,3.9444,3.9408,5.794,4.0512,4.1772,4.3788
1972-05-01,3.3996,4.47,4.5204,4.627,3.6288,4.944,3.8388,5.377,3.906,5.557,4.026,4.23,5.711,4.134,4.3908,4.44
1972-06-01,3.6228,5.0712,5.1564,5.248,3.8832,5.432,4.074,5.698,4.2252,5.851,4.4904,4.3848,5.905,4.7688,4.9764,5.0496
1972-07-01,3.5112,4.8072,4.8804,4.946,3.618,5.244,3.8076,5.663,4.0608,5.858,3.5532,4.3752,5.887,4.5276,4.6728,4.7448
1972-08-01,4.3044,5.2188,5.2728,5.482,4.302,5.63,4.602,5.888,4.1532,6.113,4.728,5.0592,6.079,5.0388,5.0904,5.2392
1972-09-01,4.4268,5.5584,5.6244,5.644,4.578,5.787,4.536,5.928,4.9044,6.005,5.1936,5.2572,6.051,5.352,5.406,5.4504
1972-10-01,4.5384,5.424,5.4408,5.537,4.6392,5.754,4.7604,5.933,4.986,6.083,5.058,5.1216,6.09,5.2164,5.3004,5.3868
1972-11-01,4.9152,5.376,5.376,5.392,4.7412,5.64,4.9452,5.806,5.0172,6.01,5.0892,5.2716,6.004,5.2896,5.3436,5.3544
1972-12-01,4.8648,5.4816,5.4288,5.525,5.1096,5.916,5.1612,5.989,5.2548,6.06,5.4108,5.4132,6.167,5.4672,5.532,5.5224
1973-01-01,5.5296,5.8188,5.9604,6.144,5.5884,6.209,5.724,6.277,5.8008,6.371,5.8044,5.9016,6.299,5.9676,6.0132,5.9328
1973-02-01,5.5764,6.084,6.3456,6.404,5.64,6.517,5.9424,6.58,5.946,6.609,6.0648,6.1104,6.589,6.0312,5.982,5.9748
1973-03-01,5.8716,6.894,6.9672,6.93,6.3576,6.799,6.498,6.696,6.6396,6.632,6.7932,6.948,6.647,6.6924,6.678,6.7056
1973-04-01,5.9832,6.786,6.8088,6.701,6.2136,6.631,6.312,6.631,6.4932,6.55,6.6144,6.6996,6.568,6.2796,6.3168,6.6396
1973-05-01,6.5232,7.0932,7.1244,6.944,6.6336,6.729,6.9804,6.617,7.0416,6.542,7.0404,7.1688,6.594,6.594,6.9492,7.0956
1973-06-01,7.4316,7.662,7.1244,7.556,7.4628,6.964,7.62,6.879,7.6536,6.71,7.7652,7.8528,6.717,7.626,7.6584,7.7136
1973-07-01,8.2644,8.6916,8.7984,8.626,8.3136,7.961,8.3712,7.793,8.4264,7.831,8.496,8.5236,7.639,8.5428,8.6244,8.622
1973-08-01,8.6412,8.5032,8.7984,8.367,8.598,7.657,8.82,7.245,8.61,7.127,8.5872,8.9304,7.049,8.5296,8.4516,8.4636
1973-09-01,7.3872,8.5032,7.8216,7.66,7.2696,6.959,7.0944,6.603,7.518,6.584,7.8384,7.7256,6.539,8.5296,7.74,7.764
1973-10-01,6.9804,7.524,7.4376,7.122,6.948,6.721,7.3896,6.64,7.458,6.672,7.4796,7.4688,6.632,7.4376,7.4376,7.5552
1973-11-01,7.4988,7.878,7.7076,7.424,7.5312,6.693,7.4244,6.605,7.7784,6.597,7.9896,7.9368,6.607,7.764,7.926,7.8864
1973-12-01,7.3548,7.3692,7.3152,7.124,7.4832,6.689,7.5768,6.631,7.65,6.657,7.68,7.6284,6.682,7.5924,7.5612,7.4868
1974-01-01,7.5708,7.2384,7.086,6.885,7.512,6.669,7.6044,6.709,7.6236,6.748,7.6044,7.4004,6.741,7.4304,7.368,7.314
1974-02-01,7.3572,7.206,7.194,7.021,7.4796,6.814,7.59,6.689,7.5396,6.794,7.536,7.5372,6.806,7.3464,7.272,7.2396
1974-03-01,8.4696,8.3268,8.31,8.115,8.4816,7.683,8.442,7.574,8.67,7.498,8.6676,8.4432,7.413,8.448,8.412,8.3748
1974-04-01,8.766,8.9628,8.9172,8.67,8.8584,8.147,9.0828,8.057,9.0204,8.007,9.0096,8.904,7.937,9.0288,8.9748,8.8452
1974-05-01,7.9068,8.5032,8.484,8.315,7.9572,7.971,8.2296,7.937,8.3604,7.9,8.43,8.5392,7.729,8.388,8.394,8.454
1974-06-01,7.6884,8.5536,8.6376,8.608,7.7832,8.27,7.4652,8.139,7.9548,8.213,8.0076,8.148,8.074,8.154,8.3616,8.4864
1974-07-01,7.6632,8.4948,8.3808,8.657,7.728,8.367,7.7604,8.321,7.8216,8.334,7.7616,8.1324,8.186,8.3508,8.4744,8.4336
1974-08-01,9.2532,9.7392,9.888,9.677,9.2136,8.656,9.1008,8.415,9.1212,8.319,9.4692,9.7368,8.376,9.4752,9.6432,9.756
1974-09-01,6.1632,8.3592,8.376,7.892,6.3972,8.035,6.186,7.812,6.7284,7.87,7.3968,7.4712,7.837,8.0652,8.1336,8.31
1974-10-01,6.8388,7.944,7.9476,7.641,6.672,7.703,7.9764,7.721,8.0388,7.764,8.0436,7.9908,7.773,7.9344,7.9164,7.9524
1974-11-01,7.3464,7.7052,7.6428,7.511,7.5,7.193,7.5996,7.31,7.6644,7.321,7.776,7.7676,7.389,7.764,7.7664,7.6932
1974-12-01,6.5292,7.122,7.0656,6.875,6.7956,7.169,7.05,7.145,7.2408,7.141,7.2192,7.2216,7.092,7.1688,7.1772,7.1124
1975-01-01,5.4528,6.0192,6.012,6.083,5.5356,6.641,5.7564,6.841,5.8932,7.026,5.97,5.9856,7.155,6.0192,6.0336,6.048
1975-02-01,4.5876,5.8068,5.874,5.862,5.2524,6.203,5.4684,6.499,5.646,6.608,5.754,5.7144,6.937,5.7576,5.7804,5.7936
1975-03-01,5.2704,6.0504,6.0852,6.19,5.4756,6.684,5.6232,6.972,5.7396,7.204,5.8248,5.88,7.293,5.8404,5.8632,5.9088
1975-04-01,5.046,6.5496,6.588,6.664,5.334,7.381,5.5716,7.709,5.832,7.851,5.9688,6.0768,7.85,6.1212,6.21,6.426
1975-05-01,4.854,5.8776,5.9376,6,5.1192,6.774,5.2632,7.093,5.3664,7.282,5.4816,5.5476,7.412,5.5452,5.7672,5.8536
1975-06-01,5.6472,6.5844,6.612,6.701,5.8236,7.061,5.94,7.337,6.1704,7.291,6.2196,6.2664,7.597,6.3396,6.4284,6.4872
1975-07-01,5.982,7.1088,7.128,7.168,6.0168,7.537,6.3084,7.767,6.5244,7.73,6.624,6.8868,7.833,6.9048,6.9648,7.0776
1975-08-01,5.8392,7.3128,7.3332,7.299,6.2304,7.646,6.4668,7.779,6.5244,7.864,7.0452,7.0536,7.975,7.1244,7.2288,7.2696
1975-09-01,6.234,7.536,7.5684,7.531,6.4992,8.004,6.546,8.016,6.9924,8.251,7.104,7.1664,8.11,7.3008,7.3956,7.4496
1975-10-01,5.3412,6.0444,6.0588,6.149,5.352,6.908,5.7156,7.109,5.6856,7.287,5.7504,5.8296,7.539,5.928,5.9532,6.0096
1975-11-01,4.812,6.4284,6.4656,6.42,5.6208,7.133,5.622,7.319,5.7996,7.35,6.0444,6.1212,7.705,6.2328,6.2796,6.348
1975-12-01,5.1696,5.8932,5.9484,5.974,5.1276,6.614,5.2404,6.948,5.3772,7.119,5.4924,5.5584,7.354,5.664,5.7612,5.8368
1976-01-01,4.4664,5.394,5.4264,5.515,4.5252,6.316,4.7904,6.872,4.8924,7.163,4.9752,5.1,7.379,5.172,5.2452,5.3304
1976-02-01,4.5168,5.8608,5.9592,6.011,4.9044,6.665,5.0784,7.042,5.2344,7.19,5.4636,5.6316,7.332,5.6424,5.7492,5.8044
1976-03-01,4.782,5.7936,5.97,5.993,4.872,6.616,4.986,6.932,5.1816,7.16,5.3364,5.442,7.289,5.5044,5.5572,5.6436
1976-04-01,4.68,5.8068,5.8404,5.982,4.71,6.561,4.986,6.873,5.1084,7.009,5.2224,5.412,7.264,5.4408,5.5044,5.6436
1976-05-01,5.058,6.468,6.4848,6.647,5.4768,7.216,5.5812,7.394,5.7276,7.528,5.94,6.0588,7.617,6.0888,6.2616,6.3888
1976-06-01,5.2908,6.2088,6.288,6.342,5.3316,6.916,5.4252,7.104,5.604,7.355,5.7828,5.868,7.462,5.9304,6.1152,6.162
1976-07-01,5.1072,5.8992,5.9556,6.018,5.0856,6.653,5.2632,6.903,5.3352,7.158,5.4084,5.6304,7.266,5.7324,5.808,5.8644
1976-08-01,4.7904,5.7156,5.772,5.822,5.0976,6.477,5.1492,6.663,5.2104,6.983,5.3688,5.4732,7.162,5.5524,5.5956,5.6712
1976-09-01,5.0556,5.6088,5.664,5.722,5.0976,6.222,5.1276,6.567,5.274,6.727,5.3568,5.4336,7.006,5.4996,5.532,5.5656
1976-10-01,4.7304,5.3328,5.3448,5.423,4.7592,5.954,4.9752,6.23,5.016,6.471,5.1108,5.184,6.727,5.2272,5.2476,5.3016
1976-11-01,4.374,4.8144,4.8444,4.915,4.464,5.326,4.4928,5.604,4.584,5.857,4.6344,4.6644,6.052,4.7148,4.734,4.7952
1976-12-01,4.212,4.7604,4.7592,4.768,4.3416,5.299,4.4016,5.682,4.5216,5.771,4.5828,4.602,6.089,4.6404,4.68,4.7208
1977-01-01,4.5468,5.3508,5.3928,5.587,4.608,6.077,4.7904,6.481,4.9236,6.712,5.0472,5.13,6.754,5.2236,5.2656,5.3184
1977-02-01,4.4268,5.3076,5.3724,5.458,4.638,5.988,4.7916,6.413,4.884,6.759,4.986,5.058,6.876,5.1084,5.1816,5.2548
1977-03-01,4.4964,5.1804,5.2968,5.352,4.5672,5.915,4.6068,6.351,4.7484,6.672,4.83,4.8828,6.857,4.9404,5.0124,5.0964
1977-04-01,4.386,5.4024,5.4348,5.426,4.4652,6.001,4.7604,6.308,4.7688,6.709,4.914,5.028,6.83,5.118,5.232,5.2956
1977-05-01,4.8336,5.6028,5.6256,5.645,5.0052,6.081,5.0664,6.332,5.1864,6.653,5.2752,5.3388,6.798,5.3448,5.4192,5.5584
1977-06-01,4.9032,5.5488,5.5824,5.609,4.9944,5.972,5.0676,6.172,5.1504,6.463,5.2536,5.3196,6.615,5.3028,5.4612,5.4948
1977-07-01,5.3412,6.0048,6.0192,6.119,5.3652,6.372,5.4888,6.512,5.532,6.782,5.6916,5.85,6.907,5.8896,5.9352,5.9592
1977-08-01,5.4636,6.1308,6.1776,6.236,5.424,6.481,5.6508,6.617,5.7072,6.762,5.886,6.0408,6.841,6.0552,6.0696,6.1056
1977-09-01,5.8596,6.4392,6.4872,6.479,5.8428,6.695,6.0024,6.789,6.1404,6.886,6.2868,6.3612,6.993,6.3588,6.3756,6.402
1977-10-01,5.8284,6.7368,6.7752,6.782,5.916,7.019,6.1548,7.123,6.4044,7.214,6.4692,6.5172,7.274,6.6312,6.6588,6.7188
1977-11-01,5.5344,6.714,6.7428,6.625,5.8536,6.983,6.2124,7.049,6.3276,7.123,6.4572,6.5604,7.199,6.588,6.6468,6.6852
1977-12-01,5.6364,6.7872,6.8376,6.835,6.186,7.081,6.2388,7.164,6.42,7.323,6.5328,6.6228,7.448,6.6816,6.72,6.7476
1978-01-01,6.1896,7.02,7.0716,7.07,6.2328,7.326,6.5256,7.405,6.648,7.537,6.7608,6.8724,7.589,6.9108,6.9504,6.9792
1978-02-01,6.0852,7.074,7.0932,7.133,6.396,7.421,6.5388,7.558,6.6288,7.661,6.7704,6.8724,7.724,6.942,6.9816,7.0332
1978-03-01,6.7248,7.1676,7.2732,7.164,6.4896,7.551,6.6,7.641,6.7092,7.752,6.8412,6.9372,7.773,6.9612,7.044,7.116
1978-04-01,6.0456,7.3068,7.3392,7.352,6.102,7.608,6.3624,7.762,6.5544,7.826,6.8148,6.9792,7.905,7.0452,7.0968,7.1592
1978-05-01,6.3288,7.6812,7.7148,7.763,6.6204,7.937,6.7404,7.975,6.8868,8.018,7.1448,7.344,8.121,7.368,7.4004,7.626
1978-06-01,6.5016,8.1012,8.1384,8.194,6.7932,8.289,7.1556,8.305,7.3728,8.305,7.572,7.6416,8.311,7.6092,7.9428,8.0112
1978-07-01,6.4488,8.0448,8.124,8.05,6.6732,8.277,6.8856,8.25,7.1844,8.21,7.23,7.5336,8.246,7.746,7.8444,7.9764
1978-08-01,7.53,8.226,8.274,8.254,7.5936,8.259,7.6788,8.16,7.5816,8.173,7.7184,7.9272,8.188,7.9872,8.0448,8.1132
1978-09-01,8.0292,8.6484,8.6448,8.553,8.1264,8.426,8.148,8.245,8.34,8.269,8.52,8.5908,8.276,8.6676,8.676,8.6304
1978-10-01,8.5764,9.6912,9.6624,9.506,8.6316,9.232,8.7432,9.062,8.958,8.998,9.1152,9.4824,8.719,9.5604,9.5856,9.6708
1978-11-01,8.9688,9.798,9.8364,9.744,9.0408,9.287,9.2148,8.879,9.258,8.69,9.4872,9.5808,8.533,9.6336,9.7128,9.7608
1978-12-01,8.6004,10.2696,10.3104,10.142,9.1968,9.629,9.4728,9.363,9.7764,9.092,9.8448,9.822,9.014,10.0608,10.2084,10.2384
1979-01-01,9.5208,9.8784,9.894,9.781,9.5352,9.369,9.5556,8.923,9.612,8.707,9.5988,9.7092,8.699,9.7644,9.8016,9.84
1979-02-01,9.5208,10.0092,10.0668,9.905,9.5832,9.606,9.6492,9.032,9.6252,9.027,9.798,9.858,9.035,9.882,9.9312,9.9912
1979-03-01,9.6372,9.8916,9.8976,9.578,9.6528,9.432,9.66,9.04,9.738,8.944,9.7848,9.822,8.915,9.804,9.8316,9.8472
1979-04-01,9.5508,9.9204,9.96,9.762,9.6612,9.632,9.78,9.174,9.8076,9.093,9.864,9.9132,9.055,9.918,9.87,9.948
1979-05-01,9.6624,9.6852,9.6672,9.621,9.7392,9.276,9.8076,8.81,9.75,8.808,9.7968,9.8016,8.678,9.636,9.7524,9.6816
1979-06-01,8.9268,9.2784,9.2676,9.107,9.0804,8.633,9.1512,8.526,9.2052,8.492,9.2148,9.2688,8.342,9.2208,9.222,9.2772
1979-07-01,9.0852,9.6348,9.5724,9.416,9.228,9.047,9.3336,8.792,9.4488,8.71,9.4944,9.582,8.584,9.6552,9.6168,9.6312
1979-08-01,9.8856,10.1916,10.0776,10.054,10.0884,9.548,10.044,9.219,9.9264,9.043,9.996,10.1628,8.851,10.1568,10.1748,10.2048
1979-09-01,10.0488,10.5996,10.5768,10.581,10.3968,9.77,10.3764,9.496,10.4184,9.214,10.4604,10.5324,9.09,10.566,10.6092,10.5336
1979-10-01,11.5128,12.6492,12.51,12.423,11.7504,11.638,12.3672,11.221,12.558,10.817,12.4548,12.4344,10.614,12.5988,12.7116,12.798
1979-11-01,10.2684,11.6736,11.616,11.183,11.2932,10.966,11.7516,10.151,11.8464,9.959,11.7312,11.9388,9.966,11.6232,11.7312,11.6748
1979-12-01,9.2796,11.6904,11.5188,11.156,11.4036,10.836,12.246,10.374,12.2832,10.115,12.3252,12.3312,9.957,12.2016,12.042,11.658
1980-01-01,11.634,11.7396,11.922,11.615,12.5436,11.367,12.3336,10.778,12.4284,10.692,12.4152,12.3828,10.59,12.3156,12.2652,12.126
1980-02-01,13.6092,14.8116,14.712,14.387,13.9404,13.679,14.3988,13.248,14.3208,12.673,14.508,14.6556,12.198,14.6148,14.6328,14.7108
1980-03-01,15.0876,15.2928,15.2832,14.88,15.1824,13.982,14.5896,13.016,15.546,12.28,15.5664,15.432,12.236,15.3252,14.8896,15.3348
1980-04-01,9.072,10.9164,10.8744,10.375,10.3692,10.513,10.6296,10.181,10.7676,10.016,10.8024,10.8156,10.172,10.8096,10.89,11.034
1980-05-01,7.8252,8.52,8.592,8.525,7.5876,8.76,7.8996,9.071,7.944,9.274,8.1672,8.2644,9.582,8.3088,8.388,8.4264
1980-06-01,6.198,8.3112,8.316,8.214,7.9548,8.742,8.01,9.036,8.0772,9.16,8.1624,8.2044,9.399,8.2308,8.2572,8.2836
1980-07-01,7.4688,9.036,9.0792,8.903,8.3832,9.471,8.7408,9.734,8.832,9.731,8.9016,8.9628,10.076,8.9196,8.9508,9.0144
1980-08-01,9.1308,10.8732,10.8924,11.014,9.81,11.131,10.1808,11.231,10.494,11.166,10.6092,10.632,11.278,10.698,10.7316,10.8756
1980-09-01,10.8804,12.048,12.0384,11.751,11.1972,11.705,11.7384,11.576,11.7156,11.601,11.8224,11.8884,11.502,12.0204,12.066,12.0348
1980-10-01,11.1456,13.242,13.164,12.953,12.6024,12.499,12.918,12.329,13.02,12.091,13.0764,13.3548,12.251,13.2768,13.2588,13.3068
1980-11-01,14.6436,14.4816,14.5356,14.148,14.6196,13.124,14.9028,12.824,14.544,12.518,14.5836,14.9724,12.561,14.7084,14.5944,14.5116
1980-12-01,12.372,13.6608,13.3332,12.811,13.9116,12.392,14.6148,11.975,15.1884,11.977,14.5896,14.424,11.879,14.4084,14.3916,14.2836
1981-01-01,13.9644,13.8252,13.6272,13.491,14.9004,12.537,15.0192,12.249,14.7348,12.187,14.4984,14.2644,12.26,14.2716,14.1648,13.9524
1981-02-01,13.9644,14.0988,14.0868,14.041,14.6928,13.17,14.64,13.209,14.544,13.054,14.6364,14.5476,13.013,14.4024,14.1552,14.178
1981-03-01,13.0092,12.6156,12.6456,12.603,12.8172,12.621,12.7968,12.634,12.7188,12.732,12.6756,12.5556,12.854,12.5064,12.5352,12.5868
1981-04-01,13.7724,14.802,14.67,14.511,14.6232,14.28,15.306,13.768,15.0996,13.887,14.9952,14.91,13.737,14.8212,14.8644,14.7936
1981-05-01,16.1364,14.5584,14.5044,14.395,16.0452,13.792,15.5556,13.492,15.384,13.366,15.0576,14.7216,13.107,14.6964,14.6256,14.6208
1981-06-01,14.4036,14.5116,14.3436,13.906,14.5776,13.988,14.5656,13.554,14.574,13.808,14.5488,14.5452,13.228,14.2104,14.424,14.3832
1981-07-01,14.7528,15.7044,15.5832,15.349,15.0612,15.136,15.324,14.4,15.5028,14.316,15.6192,15.6288,14.012,15.5592,15.588,15.72
1981-08-01,14.478,16.3956,16.3872,15.812,15.6708,15.639,16.0332,15.557,16.1016,14.902,16.194,16.5168,14.759,16.17,16.296,16.3572
1981-09-01,13.3968,15.9276,16.0188,15.433,14.3244,15.592,14.8992,15.529,14.8896,15.824,15.3,15.5244,15.001,15.6744,15.7728,15.8268
1981-10-01,12.7116,13.848,13.8876,13.799,12.888,13.961,13.0992,14.043,13.2924,14.291,13.3404,13.494,14.269,13.5252,13.62,13.7388
1981-11-01,10.2384,11.3544,11.4396,11.052,10.2384,11.576,10.6008,12.525,10.5816,12.256,10.8264,11.0976,12.191,11.0364,11.1276,11.2212
1981-12-01,9.2436,13.0224,12.9312,12.9,10.584,13.208,11.3436,13.475,11.8176,13.556,12.1908,12.48,13.438,12.6624,12.7368,12.9552
1982-01-01,12.1128,13.53,13.5804,13.56,12.3756,13.438,12.816,13.712,12.9648,13.78,13.1868,13.266,13.615,13.3116,13.4532,13.5144
1982-02-01,11.9088,13.6092,13.6152,13.538,12.1836,13.703,12.2412,13.567,13.0764,13.577,13.4016,13.5912,13.427,13.47,13.5636,13.536
1982-03-01,13.4988,13.6764,13.7508,13.657,13.362,13.822,13.554,13.876,13.7964,13.911,13.71,13.7508,13.544,13.71,13.7172,13.782
1982-04-01,12.2664,13.1724,13.1508,13.341,12.3912,13.477,12.6072,13.401,12.8808,13.283,12.924,13.0284,13.129,13.0788,13.1244,13.0704
1982-05-01,11.43,12.4296,12.5028,12.708,11.6052,12.977,11.7828,13.17,11.8476,13.096,12.0972,12.1368,13.128,12.1944,12.2532,12.3348
1982-06-01,11.5032,13.884,13.824,13.963,12.1224,14.064,12.9612,14.205,13.446,13.828,13.6428,13.6176,14.022,13.626,13.7436,13.83
1982-07-01,8.9268,12.1236,12.1704,12.273,9.6456,12.794,10.4184,12.999,11.0496,12.784,11.2992,11.5848,13.19,11.724,11.8116,12.0108
1982-08-01,6.4476,10.5852,10.7964,11.235,7.5024,11.62,8.5848,12.149,8.5512,12.447,9.2736,9.774,12.387,9.8652,10.1952,10.41
1982-09-01,6.9696,9.8904,9.9396,10.203,7.3224,10.957,7.776,11.165,8.2464,11.133,8.892,9.048,11.411,9.2316,9.48,9.6888
1982-10-01,7.698,8.9724,9.0036,9.371,7.7832,9.921,8.0544,10.534,8.34,10.271,8.4684,8.6436,10.349,8.7408,8.8128,8.9412
1982-11-01,7.6236,9.054,9.1092,9.211,8.046,9.7,8.3712,10.173,8.4468,10.606,8.7372,8.82,10.456,8.7996,8.7984,8.8608
1982-12-01,8.2128,8.472,8.4792,8.491,8.1468,9.27,8.0748,9.834,8.1732,10.153,8.2728,8.2536,10.267,8.2872,8.3568,8.4444
1983-01-01,8.0364,8.6976,8.7504,8.712,8.0472,9.358,8.2692,10.02,8.3268,10,8.3604,8.4828,10.464,8.4756,8.5752,8.6364
1983-02-01,7.4208,8.3496,8.3664,8.454,7.9752,9.135,8.0928,9.526,8.0832,9.924,8.1504,8.208,10.043,8.226,8.2632,8.3124
1983-03-01,8.5404,9.0324,9.0768,9.119,8.64,9.669,8.832,10.007,8.8932,9.956,8.934,8.9844,10.391,8.9808,8.9904,9.012
1983-04-01,7.8972,8.4984,8.5272,8.615,8.142,9.205,8.2512,9.557,8.3088,9.722,8.3424,8.376,10.022,8.4252,8.442,8.4588
1983-05-01,8.0724,9.1368,9.18,9.228,8.6112,9.791,8.8152,10.04,8.874,10.336,8.9544,9.018,10.556,9.0288,9.0708,9.114
1983-06-01,8.3772,9.3636,9.3324,9.399,8.6508,10.036,8.976,10.169,9.0576,10.414,9.132,9.186,10.749,9.1752,9.252,9.264
1983-07-01,8.6616,10.0416,10.1148,10.191,9.0264,10.689,9.492,10.949,9.5484,11.389,9.6048,9.7896,11.522,9.8376,9.876,10.002
1983-08-01,8.316,10.1112,10.1844,10.293,9.3072,10.844,9.4752,11.133,9.51,11.502,9.714,9.8784,11.741,9.8736,9.9336,9.9948
1983-09-01,8.7504,9.462,9.5448,9.649,8.8212,10.273,8.9028,10.657,8.9544,10.77,9.144,9.1848,11.277,9.252,9.3072,9.3732
1983-10-01,8.4408,9.4392,9.486,9.506,8.5716,10.324,8.6928,10.763,8.8152,11.057,8.9376,9.0432,11.225,9.0888,9.1956,9.2832
1983-11-01,8.4996,9.5688,9.6264,9.652,8.7744,10.395,9.0108,10.668,8.9772,11.084,9.2304,9.3588,11.114,9.342,9.354,9.5112
1983-12-01,8.5188,9.7092,9.7464,9.803,8.9064,10.529,9.1728,10.744,9.2568,11.167,9.3744,9.4704,11.36,9.4776,9.5916,9.6504
1984-01-01,9.024,9.4836,9.5088,9.536,8.9508,10.337,9.0948,10.595,9.1272,10.937,9.21,9.2856,11.157,9.3252,9.3924,9.4488
1984-02-01,8.3676,9.834,9.828,9.918,9.1236,10.738,9.3216,10.999,9.4368,11.324,9.5772,9.6348,11.495,9.7212,9.78,9.8172
1984-03-01,9.3552,10.2276,10.4244,10.638,9.6864,11.273,9.9612,11.553,10.0416,11.873,10.134,10.2372,12.023,10.3104,10.3524,10.3728
1984-04-01,9.3108,10.476,10.632,10.706,9.486,11.583,9.936,11.771,10.0164,12.046,10.1712,10.2744,12.293,10.3272,10.3692,10.4328
1984-05-01,7.7856,11.49,11.6556,11.893,9.462,12.628,9.9216,12.946,10.2204,13.118,10.9608,10.9968,13.4,11.034,10.8744,11.3616
1984-06-01,8.9364,11.6112,11.7996,11.919,9.708,12.77,10.1688,13.108,10.482,13.211,10.7364,10.8672,13.35,11.1828,11.3748,11.5032
1984-07-01,10.0332,11.3808,11.4216,11.556,9.948,12.228,10.6728,12.313,10.7172,12.402,10.7304,11.0424,12.529,11.0904,11.1384,11.2428
1984-08-01,9.498,11.4084,11.5584,11.749,10.8504,12.168,10.896,12.249,10.7436,12.392,11.064,11.1564,12.463,11.1384,11.2632,11.4012
1984-09-01,10.4268,11.0256,11.0508,11.047,10.4484,11.73,10.4184,11.911,10.5648,12.101,10.704,10.7496,12.162,10.74,10.8288,10.8432
1984-10-01,8.5716,9.876,9.9372,10.12,8.8572,10.822,9.2292,11.093,9.396,11.216,9.4512,9.624,11.271,9.6192,9.666,9.8268
1984-11-01,7.458,9.3576,9.4248,9.478,8.3928,10.23,8.634,10.598,8.5692,10.983,8.8488,8.9724,11.039,8.9772,9.2136,9.2796
1984-12-01,7.8636,8.9268,8.9712,9.018,7.8936,9.786,7.8756,10.386,8.0352,10.651,8.1816,8.3448,10.973,8.5884,8.682,8.7768
1985-01-01,7.5108,8.7936,8.8236,8.838,8.004,9.68,8.0904,10.112,8.184,10.548,8.2632,8.4228,10.583,8.5008,8.5932,8.6868
1985-02-01,7.2552,9.3612,9.4176,9.676,8.0544,10.403,8.6964,10.783,8.3616,11.262,9.0468,9.1116,11.305,9.2484,9.2928,9.3276
1985-03-01,7.4784,9.1296,9.1848,9.535,8.3064,10.188,8.3544,10.632,8.628,11.117,8.8044,8.8848,11.111,8.9688,9.0228,9.0648
1985-04-01,7.3488,8.766,8.796,8.922,7.5132,9.765,8.016,10.209,8.1444,10.72,8.3448,8.4036,10.77,8.5068,8.5452,8.6712
1985-05-01,6.318,7.734,7.7904,8.049,7.2084,8.744,7.2804,9.214,7.3572,9.714,7.41,7.464,9.726,7.4316,7.5384,7.6356
1985-06-01,6.6276,7.4868,7.5408,7.679,6.9,8.583,7.0584,9.243,7.1184,9.64,7.17,7.1796,9.71,7.2624,7.3788,7.422
1985-07-01,6.9504,7.8696,7.8948,8.152,7.3128,8.835,7.4256,9.473,7.4688,10.006,7.4484,7.6692,9.919,7.692,7.7256,7.8132
1985-08-01,7.0656,7.7604,7.8624,8.033,7.1568,8.842,7.2912,9.207,7.1868,9.729,7.446,7.536,9.71,7.5636,7.6284,7.716
1985-09-01,7.0644,7.7712,7.7724,8.023,7.2276,8.706,7.1844,9.168,7.3296,9.655,7.4388,7.272,9.787,7.53,7.6152,7.6596
1985-10-01,7.1436,7.7136,7.7268,7.77,7.296,8.536,7.3368,8.891,7.3944,9.303,7.374,7.5168,9.501,7.5372,7.56,7.7016
1985-11-01,6.6744,7.638,7.6608,7.689,7.2132,8.295,7.3104,8.578,7.3416,8.987,7.452,7.4844,9.182,7.4424,7.5924,7.5936
1985-12-01,6.3564,7.44,7.452,7.479,6.7644,7.852,7.0704,8.159,7.1988,8.435,7.2396,7.2492,8.623,7.3764,7.3548,7.4184
1986-01-01,6.4812,7.4064,7.4172,7.577,7.0908,7.828,7.1148,8.215,7.1868,8.463,7.1748,7.2636,8.644,7.3104,7.3524,7.3836
1986-02-01,6.45,7.266,7.2972,7.377,7.1676,7.545,7.1664,7.723,7.0512,7.883,7.2324,7.2216,8.03,7.2144,7.2348,7.278
1986-03-01,6.2688,6.5664,6.5832,6.791,6.4788,6.827,6.4644,7.084,6.4536,7.285,6.4272,6.4896,7.376,6.516,6.534,6.54
1986-04-01,5.4528,6.4056,6.3996,6.497,6.0276,6.702,6.2196,7.136,6.1308,7.268,6.2748,6.3216,7.399,6.348,6.3108,6.3792
1986-05-01,5.7684,6.7032,6.732,6.835,6.2964,7.307,6.4248,7.637,6.5172,8.038,6.5124,6.582,8.099,6.5568,6.5736,6.6744
1986-06-01,5.8824,6.2856,6.2904,6.418,6.0696,6.773,6.0972,7.118,6.1224,7.447,6.168,6.0996,7.506,6.1548,6.1908,6.2172
1986-07-01,4.7208,6.06,6.042,6.197,5.8764,6.467,5.9004,7.045,5.904,7.17,5.886,5.9448,7.389,5.9544,5.9784,6.0348
1986-08-01,5.1192,5.328,5.436,5.468,5.2116,5.933,5.2524,6.325,5.1504,6.544,5.2668,5.298,6.64,5.2752,5.3268,5.3592
1986-09-01,5.1072,5.7204,5.6904,5.823,5.3124,6.323,5.3544,6.722,5.316,7.125,5.3892,5.5152,7.279,5.544,5.5668,5.61
1986-10-01,5.1276,5.6016,5.646,5.651,5.178,6.153,5.2932,6.521,5.2944,6.782,5.346,5.412,7.053,5.4384,5.4816,5.6004
1986-11-01,5.1576,5.6976,5.7108,5.732,5.3436,6.113,5.52,6.354,5.49,6.625,5.5464,5.5992,6.745,5.574,5.6508,5.6532
1986-12-01,4.68,5.8548,5.8692,6.06,5.5572,6.296,5.7432,6.505,5.7696,6.638,5.7612,5.7636,6.913,5.826,5.8176,5.8416
1987-01-01,5.3712,5.8644,5.856,5.905,5.6484,6.198,5.7048,6.448,5.6652,6.659,5.6676,5.7348,6.741,5.7612,5.8272,5.8296
1987-02-01,5.2896,5.79,5.7288,5.976,5.5488,6.277,5.55,6.451,5.5308,6.646,5.6088,5.6448,6.741,5.7408,5.7636,5.8092
1987-03-01,5.1996,5.9904,6.0252,6.182,5.322,6.451,5.5584,6.699,5.7492,6.854,5.8272,5.8932,7.057,5.9172,5.9412,5.9556
1987-04-01,2.5056,6.4152,6.474,6.836,5.0664,7.238,5.6232,7.572,5.7108,7.758,5.952,6.1116,7.835,6.2424,6.3204,6.3036
1987-05-01,4.974,6.522,6.6672,7.09,5.58,7.605,5.9136,7.85,6.0204,8.011,6.1272,6.3312,8.114,6.3672,6.288,6.4728
1987-06-01,4.9248,6.402,6.546,6.823,5.7132,7.348,5.8392,7.633,5.9352,7.826,6.0228,6.1092,8.007,6.018,6.264,6.3432
1987-07-01,5.598,6.6768,6.702,6.935,5.9472,7.485,6.1872,7.836,6.2448,7.984,6.3108,6.3372,8.13,6.3636,6.516,6.5748
1987-08-01,5.658,6.9936,7.0128,7.205,6.2232,7.824,6.372,8.144,6.3768,8.286,6.5376,6.4752,8.42,6.6024,6.7464,6.8496
1987-09-01,6.4212,7.6176,7.6404,7.882,6.5904,8.44,6.7512,8.767,6.8724,9.012,7.0404,6.4752,9.095,7.212,7.3272,7.5732
1987-10-01,4.3752,6.6372,6.654,6.714,5.1576,7.631,5.2704,8.023,5.6556,8.321,5.9472,6.132,8.368,6.2856,6.582,6.6096
1987-11-01,4.0584,6.8496,6.8784,6.901,4.3404,7.589,5.3028,7.968,5.736,8.269,6.0948,6.2556,8.457,6.5316,6.6648,6.7668
1987-12-01,3.936,6.8904,6.9204,7.242,4.596,7.639,5.7228,7.887,5.79,8.116,6.1968,6.3312,8.304,6.6456,6.7476,6.8076
1988-01-01,3.2568,6.4944,6.5208,6.719,5.6484,7.138,5.7456,7.372,5.6964,7.578,5.9712,6.1944,7.678,6.3084,6.3756,6.4344
1988-02-01,5.4612,6.3852,6.4332,6.608,5.466,7.004,5.724,7.238,5.688,7.414,5.8872,6.0396,7.547,6.1692,6.2472,6.348
1988-03-01,5.1168,6.5544,6.6252,6.849,5.7708,7.278,5.8176,7.552,5.8824,7.783,6.1068,6.2052,7.972,6.2832,6.4152,6.474
1988-04-01,5.412,6.8952,6.936,7.091,5.8656,7.621,6.0948,7.883,6.2472,8.123,6.3876,6.54,8.246,6.6204,6.6996,6.8028
1988-05-01,5.8608,7.3644,7.4292,7.665,6.3036,8.053,6.6636,8.272,6.8148,8.52,6.906,7.0404,8.65,7.122,7.2276,7.3008
1988-06-01,6.084,7.224,7.3092,7.509,6.6756,7.865,6.6924,8.036,6.7416,8.182,6.8952,6.9072,8.31,7.0152,7.1196,7.182
1988-07-01,6.372,7.578,7.656,7.904,6.9,8.262,7.0944,8.381,7.1772,8.508,7.128,7.3476,8.59,7.4472,7.5012,7.5336
1988-08-01,7.338,8.0724,8.0976,8.253,7.4916,8.529,7.5036,8.615,7.3848,8.746,7.6464,7.7328,8.789,7.8444,7.9116,8.0112
1988-09-01,7.0608,7.962,7.9764,7.974,7.3368,8.27,7.404,8.368,7.4868,8.409,7.5924,7.6944,8.493,7.7592,7.8456,7.9272
1988-10-01,7.2432,7.8624,7.8864,7.902,7.2264,8.076,7.5144,8.1,7.5576,8.18,7.638,7.7232,8.217,7.7556,7.8252,7.8492
1988-11-01,6.4512,8.424,8.4516,8.463,7.758,8.641,7.9668,8.644,8.04,8.73,8.19,8.238,8.729,8.2992,8.3472,8.3748
1988-12-01,5.6052,8.7816,8.8128,8.896,7.3572,8.935,8.2824,8.986,8.3088,8.991,8.4612,8.4744,9.001,8.6916,8.7204,8.7396
1989-01-01,7.578,8.7996,8.7852,8.883,8.2824,8.906,8.5164,8.864,8.5644,8.882,8.5272,8.7108,8.828,8.6976,8.7492,8.7792
1989-02-01,7.5324,9.1248,9.1248,9.354,8.724,9.311,8.8776,9.251,8.8644,9.266,8.9868,9.018,9.155,9.0072,9.0924,9.126
1989-03-01,8.6712,9.3396,9.3852,9.621,8.9268,9.518,9.1104,9.456,9.2028,9.341,9.2256,9.312,9.287,9.3348,9.3708,9.3276
1989-04-01,8.4672,8.8824,8.892,9.05,8.5848,9.077,8.6508,9.016,8.67,8.962,8.7312,8.7924,8.891,8.8236,8.832,8.754
1989-05-01,8.3064,8.6268,8.6568,8.765,8.7816,8.605,8.8116,8.61,8.7588,8.592,8.7468,8.7144,8.541,8.6472,8.58,8.6088
1989-06-01,8.25,7.9764,7.9824,8.118,8.1528,7.905,8.1684,7.911,8.142,7.857,8.1168,7.968,7.939,7.86,8.0328,7.9728
1989-07-01,7.8384,7.5108,7.5444,7.598,7.9548,7.36,7.9692,7.452,7.8912,7.437,7.6164,7.6812,7.438,7.5828,7.5732,7.5852
1989-08-01,7.6836,8.1372,8.1516,8.113,7.9932,8.237,8.112,8.18,7.914,8.166,8.0436,8.0328,8.129,8.0976,8.1444,8.1
1989-09-01,7.6008,8.3424,8.3364,8.309,8.1168,8.293,8.0856,8.292,8.1216,8.257,8.1324,8.1576,8.223,8.2452,8.2992,8.3364
1989-10-01,7.8432,7.764,7.722,7.746,7.7484,7.675,7.9368,7.773,7.7808,7.774,7.7304,7.7856,7.757,7.7364,7.7604,7.7508
1989-11-01,5.8188,7.5252,7.5468,7.669,7.5012,7.586,7.7556,7.632,7.4676,7.682,7.6872,7.6212,7.68,7.5648,7.5768,7.5672
1989-12-01,5.85,7.74,7.6824,7.757,7.5936,7.735,7.7184,7.789,7.7832,7.79,7.698,7.7052,7.76,7.6704,7.6824,7.668
1990-01-01,7.1748,8.0064,7.9548,8.076,7.7076,8.097,7.9152,8.168,7.8936,8.215,7.866,7.9596,8.244,7.9524,7.9236,7.9812
1990-02-01,7.2972,7.9512,7.9224,8.05,8.0664,8.24,7.9428,8.275,7.9152,8.355,7.9668,7.9704,8.37,7.9104,7.9344,7.9812
1990-03-01,8.1,8.1012,8.16,8.287,7.9992,8.469,7.9716,8.542,8.034,8.537,8.0484,8.0628,8.529,8.0988,8.1252,8.118
1990-04-01,7.512,8.3472,8.364,8.537,7.7088,8.749,8.0892,8.835,8.1144,8.9,8.1504,8.25,8.879,8.2884,8.2284,8.2344
1990-05-01,6.4308,7.998,8.0124,8.121,7.8552,8.307,7.9212,8.362,7.9248,8.456,7.938,7.9476,8.481,7.914,7.8,7.974
1990-06-01,7.6368,7.8576,7.8732,7.947,7.8144,8.044,7.9092,8.139,7.9236,8.22,7.8912,7.8528,8.268,7.7436,7.8624,7.866
1990-07-01,7.4604,7.554,7.5876,7.668,7.6356,7.737,7.6692,7.862,7.614,7.951,7.5636,7.5648,8.034,7.5816,7.53,7.584
1990-08-01,7.3872,7.6488,7.6284,7.62,7.5204,7.895,7.548,8.113,7.4772,8.324,7.5816,7.5888,8.453,7.5264,7.5804,7.5936
1990-09-01,7.0308,7.584,7.5624,7.584,7.2804,7.857,7.29,8.043,7.3632,8.255,7.4208,7.3896,8.387,7.3896,7.4856,7.5732
1990-10-01,6.594,7.3104,7.2552,7.455,7.2768,7.602,7.2552,7.806,7.2396,8.023,7.2084,7.302,8.16,7.206,7.3008,7.2996
1990-11-01,6.9492,7.1364,7.1784,7.332,6.8652,7.364,7.1664,7.55,7.1556,7.756,7.2684,7.2216,7.863,7.2372,7.224,7.2132
1990-12-01,5.472,6.7488,6.756,6.918,6.3864,7.054,6.5664,7.307,6.708,7.47,6.6144,6.6576,7.656,6.7056,6.7128,6.6132
1991-01-01,5.5236,6.4368,6.378,6.609,6.1596,6.92,6.3288,7.162,6.306,7.435,6.3684,6.3732,7.523,6.378,6.3204,6.4104
1991-02-01,5.3712,6.234,6.2604,6.497,6.1284,6.904,6.1572,7.158,6.1968,7.448,6.2016,6.2052,7.562,6.1572,6.2568,6.2724
1991-03-01,5.8392,6.1068,6.1632,6.352,5.8968,6.964,5.9148,7.228,5.958,7.535,6.0036,5.934,7.726,5.9892,6.0672,6.06
1991-04-01,5.4132,5.9016,5.8728,6.184,5.5704,6.676,5.6136,7.062,5.6664,7.417,5.6892,5.7336,7.543,5.7672,5.79,5.8356
1991-05-01,5.3844,5.9112,6.0456,6.257,5.5488,6.763,5.6328,7.045,5.6556,7.449,5.7192,5.8296,7.612,5.7756,5.7996,5.8872
1991-06-01,5.1804,6.1812,6.1416,6.313,5.5284,6.853,5.6424,7.295,5.7168,7.677,5.8164,5.8296,7.862,5.8908,5.9676,6.0348
1991-07-01,5.4936,5.9748,6.054,6.158,5.5776,6.689,5.6196,7.109,5.6772,7.514,5.7096,5.8056,7.705,5.8368,5.85,5.9928
1991-08-01,5.2896,5.6124,5.6148,5.644,5.3208,6.301,5.4276,6.652,5.418,7.092,5.4804,5.496,7.297,5.502,5.5776,5.5476
1991-09-01,5.0136,5.346,5.3472,5.371,5.2104,5.925,5.1996,6.317,5.2308,6.725,5.2548,5.2452,6.863,5.2812,5.25,5.3352
1991-10-01,4.7004,4.9956,4.974,5.154,4.8108,5.612,4.902,6.072,4.9128,6.519,4.9224,4.9452,6.704,4.8936,4.956,4.986
1991-11-01,3.9372,4.5636,4.6032,4.789,4.3008,5.355,4.422,5.792,4.4292,6.355,4.4904,4.4988,6.587,4.5396,4.5684,4.5864
1991-12-01,3.8148,4.0068,4.044,4.171,3.852,4.73,3.8784,5.177,3.8652,5.789,3.9228,3.9408,5.917,3.9672,3.9936,3.948
1992-01-01,3.48,4.1316,4.1376,4.339,3.7704,5.04,3.9,5.748,3.9156,6.246,3.9648,4.002,6.421,4.0284,4.0344,4.0824
1992-02-01,3.7236,4.1736,4.212,4.401,3.9852,5.237,3.9924,5.819,4.0404,6.367,4.0572,4.074,6.649,4.0704,4.1388,4.1664
1992-03-01,4.0092,4.392,4.4316,4.609,4.026,5.563,4.1148,6.244,4.1424,6.745,4.2108,4.2072,6.915,4.2768,4.3248,4.3224
1992-04-01,3.2364,4.1304,4.2,4.376,3.7008,5.398,3.7572,6.071,3.7932,6.607,3.8292,3.9192,6.917,3.9552,3.9816,4.05
1992-05-01,3.6336,4.056,4.1328,4.269,3.6792,5.173,3.756,5.801,3.7512,6.304,3.8304,3.9084,6.685,3.8928,3.9192,3.9984
1992-06-01,3.5112,3.9468,3.9636,4.063,3.5364,4.799,3.6024,5.453,3.6708,5.995,3.7272,3.732,6.308,3.7368,3.804,3.8616
1992-07-01,2.9928,3.4968,3.5424,3.58,3.108,4.367,3.2256,5.002,3.2604,5.561,3.2952,3.3408,5.843,3.3636,3.3792,3.492
1992-08-01,3.0636,3.3816,3.4068,3.436,3.1392,4.109,3.204,4.742,3.2184,5.34,3.264,3.3,5.626,3.3012,3.3312,3.3456
1992-09-01,2.586,3.006,3.0204,3.105,2.742,3.774,2.7552,4.404,2.8092,4.976,2.874,2.8776,5.355,2.9232,2.9268,2.982
1992-10-01,2.5464,3.432,3.4272,3.606,2.8632,4.458,3,5.069,3.0852,5.657,3.1512,3.2484,6.017,3.2532,3.3408,3.4068
1992-11-01,2.8404,3.6828,3.7188,3.922,3.2412,4.739,3.3168,5.429,3.3312,5.967,3.48,3.5472,6.244,3.5844,3.672,3.6876
1992-12-01,2.7588,3.4836,3.5088,3.651,2.9556,4.5,3.132,5.211,3.2088,5.681,3.2964,3.3408,6.051,3.3768,3.4116,3.4476
1993-01-01,2.5248,3.2544,3.2904,3.446,2.8428,4.21,2.9388,4.779,3.0252,5.231,3.0696,3.1248,5.667,3.1392,3.1536,3.2088
1993-02-01,2.7288,3.1812,3.2268,3.311,2.9568,3.915,3.012,4.418,3.036,4.942,3.06,3.1044,5.309,3.0972,3.1428,3.1572
1993-03-01,2.7492,3.1908,3.252,3.352,2.916,3.915,2.9292,4.491,2.9832,4.959,3.0276,3.1044,5.247,3.0972,3.1416,3.156
1993-04-01,2.8512,3.1536,3.1884,3.297,2.8956,3.786,2.9496,4.344,2.9628,4.837,2.9976,3.0324,5.152,3.0456,3.0804,3.0936
1993-05-01,2.9532,3.5184,3.534,3.631,3.0072,4.18,3.102,4.661,3.1584,5.07,3.2244,3.2796,5.396,3.282,3.3384,3.462
1993-06-01,2.7792,3.3504,3.3864,3.5,2.9556,3.983,3.072,4.397,3.096,4.747,3.1824,3.2796,5.052,3.2196,3.2904,3.3252
1993-07-01,2.82,3.402,3.4272,3.495,2.9868,4.1,3.072,4.529,3.1164,4.831,3.1308,3.2376,5.2,3.2856,3.3204,3.3564
1993-08-01,2.8608,3.2772,3.312,3.353,2.9664,3.83,3.0516,4.225,3.0048,4.493,3.1308,3.2376,4.795,3.2028,3.2172,3.2616
1993-09-01,2.4444,3.2868,3.3228,3.373,2.9256,3.853,2.9592,4.2,3.0348,4.545,3.09,3.0936,4.777,3.1812,3.2064,3.2208
1993-10-01,2.7588,3.3696,3.4212,3.457,2.916,3.953,3.072,4.296,3.1476,4.595,3.1524,3.2376,4.82,3.264,3.2676,3.3348
1993-11-01,2.7492,3.5412,3.588,3.632,3.108,4.171,3.1848,4.532,3.1788,4.906,3.2952,3.3624,5.144,3.366,3.4332,3.4896
1993-12-01,2.82,3.54,3.5556,3.636,3.0072,4.202,3.0516,4.464,3.1272,4.942,3.2244,3.2592,5.209,3.3144,3.3492,3.4632
